Date,Close,High,Low,Open,Volume
2020-01-01T00:00:00.000,12182.5,12222.2002,12165.2998,12202.15039,304100
2020-01-02T00:00:00.000,12282.2002,12289.90039,12195.25,12198.5498,407700
2020-01-03T00:00:00.000,12226.65039,12265.59961,12191.34961,12261.09961,428800
2020-01-06T00:00:00.000,11993.0498,12179.09961,11974.2002,12170.59961,396500
2020-01-07T00:00:00.000,12052.9502,12152.15039,12005.34961,12079.09961,447800
2020-01-08T00:00:00.000,12025.34961,12044.9502,11929.59961,11939.09961,446000
2020-01-09T00:00:00.000,12215.90039,12224.0498,12132.5498,12153.15039,477500
2020-01-10T00:00:00.000,12256.7998,12311.2002,12213.2002,12271,660600
2020-01-13T00:00:00.000,12329.5498,12337.75,12285.7998,12296.7002,501000
2020-01-14T00:00:00.000,12362.2998,12374.25,12308.7002,12333.09961,616300
2020-01-15T00:00:00.000,12343.2998,12355.15039,12278.75,12349.40039,684400
2020-01-16T00:00:00.000,12355.5,12389.0498,12315.7998,12347.09961,395700
2020-01-17T00:00:00.000,12352.34961,12385.4502,12321.40039,12328.40039,502100
2020-01-20T00:00:00.000,12224.5498,12430.5,12216.90039,12430.5,491600
2020-01-21T00:00:00.000,12169.84961,12230.0498,12162.2998,12195.2998,400
2020-01-22T00:00:00.000,12106.90039,12225.0498,12087.90039,12218.34961,500
2020-01-23T00:00:00.000,12180.34961,12189,12094.09961,12123.75,867700
2020-01-24T00:00:00.000,12248.25,12272.15039,12149.65039,12174.5498,593200
2020-01-27T00:00:00.000,12119,12216.59961,12107,12197.09961,441200
2020-01-28T00:00:00.000,12055.7998,12163.5498,12024.5,12148.09961,478500
2020-01-29T00:00:00.000,12129.5,12169.59961,12103.7998,12114.90039,514400
2020-01-30T00:00:00.000,12035.7998,12150.2998,12010.59961,12147.75,538100
2020-01-31T00:00:00.000,11962.09961,12103.5498,11945.84961,12100.40039,771300
2020-02-03T00:00:00.000,11707.90039,11749.84961,11614.5,11627.4502,669800
2020-02-04T00:00:00.000,11979.65039,11986.15039,11783.40039,11786.25,560400
2020-02-05T00:00:00.000,12089.15039,12098.15039,11953.34961,12005.84961,758000
2020-02-06T00:00:00.000,12137.9502,12160.59961,12084.65039,12120,565100
2020-02-07T00:00:00.000,12098.34961,12154.7002,12073.9502,12151.15039,473500
2020-02-10T00:00:00.000,12031.5,12103.5498,11990.75,12102.34961,524700
2020-02-11T00:00:00.000,12107.90039,12172.2998,12099,12108.40039,480000
2020-02-12T00:00:00.000,12201.2002,12231.75,12144.2998,12151,411700
2020-02-13T00:00:00.000,12174.65039,12225.65039,12139.7998,12219.5498,501200
2020-02-14T00:00:00.000,12113.4502,12246.7002,12091.2002,12190.15039,622800
2020-02-17T00:00:00.000,12045.7998,12159.59961,12037,12131.7998,0
2020-02-18T00:00:00.000,11992.5,12030.75,11908.0498,12028.25,676900
2020-02-19T00:00:00.000,12125.90039,12134.7002,12042.09961,12090.59961,513600
2020-02-20T00:00:00.000,12080.84961,12152,12071.4502,12119,502600
2020-02-24T00:00:00.000,11829.40039,12012.5498,11813.40039,12012.5498,490800
2020-02-25T00:00:00.000,11797.90039,11883.0498,11779.90039,11877.5,461000
2020-02-26T00:00:00.000,11678.5,11783.25,11639.59961,11738.5498,567600
2020-02-27T00:00:00.000,11633.2998,11663.84961,11536.7002,11661.25,608600
2020-02-28T00:00:00.000,11201.75,11384.7998,11175.0498,11382,809900
2020-03-02T00:00:00.000,11132.75,11433,11036.25,11387.34961,680800
2020-03-03T00:00:00.000,11303.2998,11342.25,11152.5498,11217.5498,696500
2020-03-04T00:00:00.000,11251,11356.59961,11082.15039,11351.34961,797700
2020-03-05T00:00:00.000,11269,11389.5,11244.59961,11306.0498,1352500
2020-03-06T00:00:00.000,10989.4502,11035.09961,10827.40039,10942.65039,1811000
2020-03-09T00:00:00.000,10451.4502,10751.5498,10294.4502,10742.0498,1565500
2020-03-11T00:00:00.000,10458.40039,10545.09961,10334,10334.2998,1218500
2020-03-12T00:00:00.000,9590.150391,10040.75,9508,10039.9502,1343500
2020-03-13T00:00:00.000,9955.200195,10159.40039,8555.150391,9107.599609,1388000
2020-03-16T00:00:00.000,9197.400391,9602.200195,9165.099609,9587.799805,897700
2020-03-17T00:00:00.000,8967.049805,9403.799805,8915.599609,9285.400391,935600
2020-03-18T00:00:00.000,8468.799805,9127.549805,8407.049805,9088.450195,1516600
2020-03-19T00:00:00.000,8263.450195,8575.450195,7832.549805,8063.299805,925700
2020-03-20T00:00:00.000,8745.450195,8883,8178.200195,8284.450195,1071500
2020-03-23T00:00:00.000,7610.25,8159.25,7583.600098,7945.700195,653500
2020-03-24T00:00:00.000,7801.049805,8036.950195,7511.100098,7848.299805,738400
2020-03-25T00:00:00.000,8317.849609,8376.75,7714.75,7735.149902,736900
2020-03-26T00:00:00.000,8641.450195,8749.049805,8304.900391,8451,865600
2020-03-27T00:00:00.000,8660.25,9038.900391,8522.900391,8949.099609,801500
2020-03-30T00:00:00.000,8281.099609,8576,8244,8385.950195,593300
2020-03-31T00:00:00.000,8597.75,8678.299805,8358,8529.349609,712700
2020-04-01T00:00:00.000,8253.799805,8588.099609,8198.349609,8584.099609,506300
2020-04-03T00:00:00.000,8083.799805,8356.549805,8055.799805,8356.549805,697000
2020-04-07T00:00:00.000,8792.200195,8819.400391,8360.950195,8446.299805,814200
2020-04-08T00:00:00.000,8748.75,9131.700195,8653.900391,8688.900391,896500
2020-04-09T00:00:00.000,9111.900391,9128.349609,8904.549805,8973.049805,742100
2020-04-13T00:00:00.000,8993.849609,9112.049805,8912.400391,9103.950195,644000
2020-04-15T00:00:00.000,8925.299805,9261.200195,8874.099609,9196.400391,879100
2020-04-16T00:00:00.000,8992.799805,9053.75,8821.900391,8851.25,719400
2020-04-17T00:00:00.000,9266.75,9324,9091.349609,9323.450195,684200
2020-04-20T00:00:00.000,9261.849609,9390.849609,9230.799805,9390.200195,726400
2020-04-21T00:00:00.000,8981.450195,9044.400391,8909.400391,9016.950195,655100
2020-04-22T00:00:00.000,9187.299805,9209.75,8946.25,9026.75,734400
2020-04-23T00:00:00.000,9313.900391,9343.599609,9170.150391,9232.349609,666700
2020-04-24T00:00:00.000,9154.400391,9296.900391,9141.299805,9163.900391,659400
2020-04-27T00:00:00.000,9282.299805,9377.099609,9250.349609,9259.700195,512800
2020-04-28T00:00:00.000,9380.900391,9404.400391,9260,9389.799805,614500
2020-04-29T00:00:00.000,9553.349609,9599.849609,9392.349609,9408.599609,653000
2020-04-30T00:00:00.000,9859.900391,9889.049805,9731.5,9753.5,931200
2020-05-04T00:00:00.000,9293.5,9533.5,9266.950195,9533.5,687500
2020-05-05T00:00:00.000,9205.599609,9450.900391,9190.75,9429.400391,725200
2020-05-06T00:00:00.000,9270.900391,9346.900391,9116.5,9226.799805,722200
2020-05-07T00:00:00.000,9199.049805,9277.849609,9175.900391,9234.049805,708700
2020-05-08T00:00:00.000,9251.5,9382.650391,9238.200195,9376.950195,609100
2020-05-11T00:00:00.000,9239.200195,9439.900391,9219.950195,9348.150391,704600
2020-05-12T00:00:00.000,9196.549805,9240.849609,9043.950195,9168.849609,805500
2020-05-13T00:00:00.000,9383.549805,9584.5,9351.099609,9584.200195,846400
2020-05-14T00:00:00.000,9142.75,9281.099609,9119.75,9213.950195,602600
2020-05-15T00:00:00.000,9136.849609,9182.400391,9050,9182.400391,575900
2020-05-18T00:00:00.000,8823.25,9158.299805,8806.75,9158.299805,773000
2020-05-19T00:00:00.000,8879.099609,9030.349609,8855.299805,8961.700195,762200
2020-05-20T00:00:00.000,9066.549805,9093.799805,8875.349609,8889.150391,622300
2020-05-21T00:00:00.000,9106.25,9178.549805,9056.099609,9079.450195,631500
2020-05-22T00:00:00.000,9039.25,9149.599609,8968.549805,9067.900391,675800
2020-05-26T00:00:00.000,9029.049805,9161.650391,8996.650391,9099.75,655000
2020-05-27T00:00:00.000,9314.950195,9334,9004.25,9082.200195,763500
2020-05-28T00:00:00.000,9490.099609,9511.25,9336.5,9364.950195,837900
2020-05-29T00:00:00.000,9580.299805,9598.849609,9376.900391,9422.200195,967000
2020-06-01T00:00:00.000,9826.150391,9931.599609,9706.950195,9726.849609,794200
2020-06-02T00:00:00.000,9979.099609,9995.599609,9824.049805,9880.849609,770200
2020-06-03T00:00:00.000,10061.5498,10176.2002,10035.5498,10108.2998,794700
2020-06-04T00:00:00.000,10029.09961,10123.84961,9944.25,10054.25,775100
2020-06-05T00:00:00.000,10142.15039,10177.7998,10040.75,10093.7998,987100
2020-06-08T00:00:00.000,10167.4502,10328.5,10120.25,10326.75,936500
2020-06-09T00:00:00.000,10046.65039,10291.15039,10021.4502,10181.15039,754200
2020-06-10T00:00:00.000,10116.15039,10148.75,10036.84961,10072.59961,632400
2020-06-11T00:00:00.000,9902,10112.0498,9885.049805,10094.09961,715500
2020-06-12T00:00:00.000,9972.900391,9996.049805,9544.349609,9544.950195,796300
2020-06-15T00:00:00.000,9813.700195,9943.349609,9726.349609,9919.349609,716100
2020-06-16T00:00:00.000,9914,10046.15039,9728.5,10014.7998,899900
2020-06-17T00:00:00.000,9881.150391,10003.59961,9833.799805,9876.700195,685400
2020-06-18T00:00:00.000,10091.65039,10111.2002,9845.049805,9863.25,622900
2020-06-19T00:00:00.000,10244.40039,10272.40039,10072.65039,10119,892100
2020-06-22T00:00:00.000,10311.2002,10393.65039,10277.59961,10318.75,685400
2020-06-23T00:00:00.000,10471,10484.7002,10301.75,10347.9502,669200
2020-06-24T00:00:00.000,10305.2998,10553.15039,10281.9502,10529.25,854800
2020-06-25T00:00:00.000,10288.90039,10361.7998,10194.5,10235.5498,994200
2020-06-26T00:00:00.000,10383,10409.84961,10311.25,10378.90039,671900
2020-06-29T00:00:00.000,10312.40039,10337.9502,10223.59961,10311.9502,574500
2020-06-30T00:00:00.000,10302.09961,10401.0498,10267.34961,10382.59961,556200
2020-07-01T00:00:00.000,10430.0498,10447.0498,10299.59961,10323.7998,573600
2020-07-02T00:00:00.000,10551.7002,10598.2002,10485.5498,10493.0498,597400
2020-07-03T00:00:00.000,10607.34961,10631.2998,10562.65039,10614.9502,525200
2020-07-06T00:00:00.000,10763.65039,10811.40039,10695.09961,10723.84961,571200
2020-07-07T00:00:00.000,10799.65039,10813.7998,10689.7002,10802.84961,636800
2020-07-08T00:00:00.000,10705.75,10847.84961,10676.5498,10818.65039,767900
2020-07-09T00:00:00.000,10813.4502,10836.84961,10733,10755.5498,618700
2020-07-10T00:00:00.000,10768.0498,10819.40039,10713,10764.09961,590700
2020-07-13T00:00:00.000,10802.7002,10894.0498,10756.0498,10851.84961,554100
2020-07-14T00:00:00.000,10607.34961,10755.65039,10562.90039,10750.84961,532400
2020-07-15T00:00:00.000,10618.2002,10827.4502,10577.75,10701,715900
2020-07-16T00:00:00.000,10739.9502,10755.2998,10595.2002,10706.2002,694400
2020-07-17T00:00:00.000,10901.7002,10933.4502,10749.65039,10752,676900
2020-07-20T00:00:00.000,11022.2002,11037.90039,10953,10999.4502,554300
2020-07-21T00:00:00.000,11162.25,11179.5498,11113.25,11126.09961,772000
2020-07-22T00:00:00.000,11132.59961,11238.09961,11056.5498,11231.2002,765100
2020-07-23T00:00:00.000,11215.4502,11239.7998,11103.15039,11135,621600
2020-07-24T00:00:00.000,11194.15039,11225.40039,11090.2998,11149.9502,678900
2020-07-27T00:00:00.000,11131.7998,11225,11087.84961,11225,588100
2020-07-28T00:00:00.000,11300.5498,11317.75,11151.40039,11154.09961,683900
2020-07-29T00:00:00.000,11202.84961,11341.40039,11149.75,11276.90039,600700
2020-07-30T00:00:00.000,11102.15039,11299.9502,11084.9502,11254.2998,677800
2020-07-31T00:00:00.000,11073.4502,11150.40039,11026.65039,11139.5,642600
2020-08-03T00:00:00.000,10891.59961,11058.0498,10882.25,11057.5498,680900
2020-08-04T00:00:00.000,11095.25,11112.25,10908.09961,10946.65039,625700
2020-08-05T00:00:00.000,11101.65039,11225.65039,11064.0498,11155.75,667600
2020-08-06T00:00:00.000,11200.15039,11256.7998,11127.2998,11185.7002,600400
2020-08-07T00:00:00.000,11214.0498,11231.90039,11142.0498,11186.65039,452600
2020-08-10T00:00:00.000,11270.15039,11337.2998,11238,11270.25,492000
2020-08-11T00:00:00.000,11322.5,11373.59961,11299.15039,11322.25,586100
2020-08-12T00:00:00.000,11308.40039,11322,11242.65039,11289,609900
2020-08-13T00:00:00.000,11300.4502,11359.2998,11269.9502,11334.84961,562400
2020-08-14T00:00:00.000,11178.40039,11366.25,11111.4502,11353.2998,645100
2020-08-17T00:00:00.000,11247.09961,11267.09961,11144.5,11248.90039,634000
2020-08-18T00:00:00.000,11385.34961,11401.7002,11253.15039,11259.7998,579200
2020-08-19T00:00:00.000,11408.40039,11460.34961,11394.09961,11452.15039,626200
2020-08-20T00:00:00.000,11312.2002,11361.4502,11289.7998,11317.4502,791600
2020-08-21T00:00:00.000,11371.59961,11418.5,11362.2002,11409.65039,668700
2020-08-24T00:00:00.000,11466.4502,11497.25,11410.65039,11412,532900
2020-08-25T00:00:00.000,11472.25,11525.90039,11423.34961,11513.09961,638200
2020-08-26T00:00:00.000,11549.59961,11561.75,11461.84961,11512.84961,743400
2020-08-27T00:00:00.000,11559.25,11617.34961,11540.59961,11609.2998,719800
2020-08-28T00:00:00.000,11647.59961,11686.0498,11589.40039,11602.9502,807000
2020-08-31T00:00:00.000,11387.5,11794.25,11325.84961,11777.5498,1371800
2020-09-01T00:00:00.000,11470.25,11553.5498,11366.90039,11464.2998,783800
2020-09-02T00:00:00.000,11535,11554.75,11430.40039,11478.5498,593500
2020-09-03T00:00:00.000,11527.4502,11584.9502,11507.65039,11566.2002,607100
2020-09-04T00:00:00.000,11333.84961,11452.0498,11303.65039,11354.40039,681300
2020-09-07T00:00:00.000,11355.0498,11381.15039,11251.7002,11359.59961,560300
2020-09-08T00:00:00.000,11317.34961,11437.25,11290.4502,11378.5498,572200
2020-09-09T00:00:00.000,11278,11298.15039,11185.15039,11218.59961,728900
2020-09-10T00:00:00.000,11449.25,11464.0498,11327.40039,11363.2998,679400
2020-09-11T00:00:00.000,11464.4502,11493.5,11419.90039,11447.7998,554800
2020-09-14T00:00:00.000,11440.0498,11568.90039,11383.5498,11540.15039,642300
2020-09-15T00:00:00.000,11521.7998,11535.9502,11442.25,11487.2002,506700
2020-09-16T00:00:00.000,11604.5498,11618.09961,11516.75,11538.4502,527800
2020-09-17T00:00:00.000,11516.09961,11587.2002,11498.5,11539.40039,0
2020-09-18T00:00:00.000,11504.9502,11584.09961,11446.09961,11584.09961,764200
2020-09-21T00:00:00.000,11250.5498,11535.25,11218.5,11503.7998,602900
2020-09-22T00:00:00.000,11153.65039,11302.2002,11084.65039,11301.75,672200
2020-09-23T00:00:00.000,11131.84961,11259.5498,11024.40039,11258.75,714900
2020-09-24T00:00:00.000,10805.5498,11015.2998,10790.2002,11011,706100
2020-09-25T00:00:00.000,11050.25,11072.59961,10854.84961,10910.40039,559600
2020-09-28T00:00:00.000,11227.5498,11239.34961,11099.84961,11140.84961,472800
2020-09-29T00:00:00.000,11222.40039,11305.40039,11181,11288.59961,498300
2020-09-30T00:00:00.000,11247.5498,11295.40039,11184.5498,11244.4502,499300
2020-10-01T00:00:00.000,11416.9502,11428.59961,11347.0498,11364.4502,447700
2020-10-05T00:00:00.000,11503.34961,11578.0498,11452.2998,11487.7998,530600
2020-10-06T00:00:00.000,11662.40039,11680.2998,11564.2998,11603.4502,561400
2020-10-07T00:00:00.000,11738.84961,11763.0498,11629.34961,11679.25,513400
2020-10-08T00:00:00.000,11834.59961,11905.7002,11791.15039,11835.40039,608800
2020-10-09T00:00:00.000,11914.2002,11938.59961,11805.2002,11852.0498,611100
2020-10-12T00:00:00.000,11930.9502,12022.0498,11867.2002,11973.5498,522600
2020-10-13T00:00:00.000,11934.5,11988.2002,11888.90039,11934.65039,458300
2020-10-14T00:00:00.000,11971.0498,11997.2002,11822.15039,11917.40039,569200
2020-10-15T00:00:00.000,11680.34961,12025.4502,11661.2998,12023.4502,608900
2020-10-16T00:00:00.000,11762.4502,11789.75,11667.84961,11727.40039,555800
2020-10-19T00:00:00.000,11873.0498,11898.25,11820.40039,11879.2002,541400
2020-10-20T00:00:00.000,11896.7998,11949.25,11837.25,11861,453600
2020-10-21T00:00:00.000,11937.65039,12018.65039,11775.75,11958.5498,623700
2020-10-22T00:00:00.000,11896.4502,11939.5498,11823.4502,11890,544900
2020-10-23T00:00:00.000,11930.34961,11974.5498,11908.75,11957.90039,502300
2020-10-26T00:00:00.000,11767.75,11942.84961,11711.7002,11937.40039,519800
2020-10-27T00:00:00.000,11889.40039,11899.0498,11723,11807.09961,616300
2020-10-28T00:00:00.000,11729.59961,11929.40039,11684.84961,11922.59961,704000
2020-10-29T00:00:00.000,11670.7998,11744.15039,11606.4502,11633.2998,555000
2020-10-30T00:00:00.000,11642.40039,11748.9502,11535.4502,11678.4502,553700
2020-11-02T00:00:00.000,11669.15039,11725.65039,11557.40039,11697.34961,568400
2020-11-03T00:00:00.000,11813.5,11836.2002,11723.2998,11734.4502,674300
2020-11-04T00:00:00.000,11908.5,11929.65039,11756.40039,11783.34961,667300
2020-11-05T00:00:00.000,12120.2998,12131.09961,12027.59961,12062.40039,632500
2020-11-06T00:00:00.000,12263.5498,12280.40039,12131.84961,12156.65039,576800
2020-11-09T00:00:00.000,12461.0498,12474.0498,12367.34961,12399.40039,553400
2020-11-10T00:00:00.000,12631.09961,12643.90039,12475.25,12556.40039,847500
2020-11-11T00:00:00.000,12749.15039,12769.75,12571.09961,12680.59961,880500
2020-11-12T00:00:00.000,12690.7998,12741.15039,12624.84961,12702.15039,622000
2020-11-13T00:00:00.000,12719.9502,12735.9502,12607.7002,12659.7002,513900
2020-11-17T00:00:00.000,12874.2002,12934.0498,12797.09961,12932.5,707700
2020-11-18T00:00:00.000,12938.25,12948.84961,12819.34961,12860.09961,731300
2020-11-19T00:00:00.000,12771.7002,12963,12745.75,12839.5,768800
2020-11-20T00:00:00.000,12859.0498,12892.4502,12730.25,12813.40039,664000
2020-11-23T00:00:00.000,12926.4502,12968.84961,12825.7002,12960.2998,633100
2020-11-24T00:00:00.000,13055.15039,13079.09961,12978,13002.59961,571900
2020-11-25T00:00:00.000,12858.40039,13145.84961,12833.65039,13130,679000
2020-11-26T00:00:00.000,12987,13018,12790.40039,12906.4502,549800
2020-11-27T00:00:00.000,12968.9502,13035.2998,12914.2998,13012.0498,1162400
2020-12-01T00:00:00.000,13109.0498,13128.40039,12962.7998,13062.2002,583600
2020-12-02T00:00:00.000,13113.75,13128.5,12983.5498,13121.40039,717700
2020-12-03T00:00:00.000,13133.90039,13216.59961,13107.90039,13215.2998,713700
2020-12-04T00:00:00.000,13258.5498,13280.0498,13152.84961,13177.40039,640500
2020-12-07T00:00:00.000,13355.75,13366.65039,13241.9502,13264.84961,591700
2020-12-08T00:00:00.000,13392.9502,13435.4502,13311.0498,13393.84961,543200
2020-12-09T00:00:00.000,13529.09961,13548.90039,13449.59961,13458.09961,502600
2020-12-10T00:00:00.000,13478.2998,13503.5498,13399.2998,13488.5,553400
2020-12-11T00:00:00.000,13513.84961,13579.34961,13402.84961,13512.2998,787700
2020-12-14T00:00:00.000,13558.15039,13597.5,13472.4502,13571.4502,558400
2020-12-15T00:00:00.000,13567.84961,13589.65039,13447.0498,13547.2002,497600
2020-12-16T00:00:00.000,13682.7002,13692.34961,13606.4502,13663.09961,462200
2020-12-17T00:00:00.000,13740.7002,13773.25,13673.5498,13713.5498,416000
2020-12-18T00:00:00.000,13760.5498,13772.84961,13658.59961,13764.40039,519400
2020-12-21T00:00:00.000,13328.40039,13777.5,13131.4502,13741.90039,687300
2020-12-22T00:00:00.000,13466.2998,13492.0498,13192.90039,13373.65039,696200
2020-12-23T00:00:00.000,13601.09961,13619.4502,13432.2002,13473.5,458700
2020-12-24T00:00:00.000,13749.25,13771.75,13626.90039,13672.15039,471400
2020-12-28T00:00:00.000,13873.2002,13885.2998,13811.5498,13815.15039,403600
2020-12-29T00:00:00.000,13932.59961,13967.59961,13859.90039,13910.34961,439600
2020-12-30T00:00:00.000,13981.9502,13997,13864.9502,13980.90039,380700
2020-12-31T00:00:00.000,13981.75,14024.84961,13936.4502,13970,452400
2021-01-01T00:00:00.000,14018.5,14049.84961,13991.34961,13996.09961,358100
2021-01-04T00:00:00.000,14132.90039,14147.9502,13953.75,14104.34961,495000
2021-01-05T00:00:00.000,14199.5,14215.59961,14048.15039,14075.15039,492500
2021-01-06T00:00:00.000,14146.25,14244.15039,14039.90039,14240.9502,632300
2021-01-07T00:00:00.000,14137.34961,14256.25,14123.09961,14253.75,559200
2021-01-08T00:00:00.000,14347.25,14367.2998,14221.65039,14258.40039,613500
2021-01-11T00:00:00.000,14484.75,14498.2002,14383.09961,14474.0498,672900
2021-01-12T00:00:00.000,14563.4502,14590.65039,14432.84961,14473.7998,929600
2021-01-13T00:00:00.000,14564.84961,14653.34961,14435.7002,14639.7998,874000
2021-01-14T00:00:00.000,14595.59961,14617.7998,14471.5,14550.0498,620200
2021-01-15T00:00:00.000,14433.7002,14617.4502,14357.84961,14594.34961,789600
2021-01-18T00:00:00.000,14281.2998,14459.15039,14222.7998,14453.2998,762000
2021-01-19T00:00:00.000,14521.15039,14546.0498,14350.84961,14371.65039,546100
2021-01-20T00:00:00.000,14644.7002,14666.4502,14517.5498,14538.2998,623100
2021-01-21T00:00:00.000,14590.34961,14753.5498,14517.25,14730.9502,704600
2021-01-22T00:00:00.000,14371.90039,14619.90039,14357.75,14583.40039,776800
2021-01-25T00:00:00.000,14238.90039,14491.09961,14218.59961,14477.7998,618600
2021-01-27T00:00:00.000,13967.5,14237.9502,13929.2998,14237.9502,660700
2021-01-28T00:00:00.000,13817.5498,13898.25,13713.25,13810.40039,637900
2021-01-29T00:00:00.000,13634.59961,13966.84961,13596.75,13946.59961,753200
2021-02-01T00:00:00.000,14281.2002,14336.34961,13661.75,13758.59961,870500
2021-02-02T00:00:00.000,14647.84961,14731.7002,14469.15039,14481.09961,915000
2021-02-03T00:00:00.000,14789.9502,14868.84961,14574.15039,14754.90039,869500
2021-02-04T00:00:00.000,14895.65039,14913.7002,14714.75,14789.0498,884700
2021-02-05T00:00:00.000,14924.25,15014.65039,14864.75,14952.59961,935600
2021-02-08T00:00:00.000,15115.7998,15159.90039,15041.0498,15064.2998,671200
2021-02-09T00:00:00.000,15109.2998,15257.09961,15064.2998,15164.15039,713300
2021-02-10T00:00:00.000,15106.5,15168.25,14977.2002,15119.0498,624800
2021-02-11T00:00:00.000,15173.2998,15188.5,15065.40039,15073.25,500100
2021-02-12T00:00:00.000,15163.2998,15243.5,15081,15186.2002,571800
2021-02-15T00:00:00.000,15314.7002,15340.15039,15243.40039,15270.2998,456000
2021-02-16T00:00:00.000,15313.4502,15431.75,15242.2002,15371.4502,648500
2021-02-17T00:00:00.000,15208.90039,15314.2998,15170.75,15279.90039,504800
2021-02-18T00:00:00.000,15118.9502,15250.75,15078.0498,15238.7002,770600
2021-02-19T00:00:00.000,14981.75,15144.0498,14898.2002,15074.7998,712200
2021-02-22T00:00:00.000,14675.7002,15010.09961,14635.0498,14999.0498,609900
2021-02-23T00:00:00.000,14707.7998,14854.5,14651.84961,14782.25,744100
2021-02-24T00:00:00.000,14982,15008.7998,14504.5,14729.15039,403800
2021-02-25T00:00:00.000,15097.34961,15176.5,15065.34961,15079.84961,803900
2021-02-26T00:00:00.000,14529.15039,14919.4502,14467.75,14888.59961,1103600
2021-03-01T00:00:00.000,14761.5498,14806.7998,14638.5498,14702.5,507300
2021-03-02T00:00:00.000,14919.09961,14959.09961,14760.7998,14865.2998,621700
2021-03-03T00:00:00.000,15245.59961,15273.15039,14995.7998,15064.40039,544200
2021-03-04T00:00:00.000,15080.75,15202.34961,14980.2002,15026.75,534900
2021-03-05T00:00:00.000,14938.09961,15092.34961,14862.09961,14977.9502,640700
2021-03-08T00:00:00.000,14956.2002,15111.15039,14919.90039,15002.4502,0
2021-03-09T00:00:00.000,15098.40039,15126.84961,14925.4502,15049.90039,675300
2021-03-10T00:00:00.000,15174.7998,15218.4502,15100.84961,15202.15039,404600
2021-03-12T00:00:00.000,15030.9502,15336.2998,14953.59961,15321.15039,493200
2021-03-15T00:00:00.000,14929.5,15048.40039,14745.84961,15048.40039,467500
2021-03-16T00:00:00.000,14910.4502,15051.59961,14890.65039,14996.09961,100
2021-03-17T00:00:00.000,14721.2998,14956.5498,14696.0498,14946.5498,100
2021-03-18T00:00:00.000,14557.84961,14875.2002,14478.59961,14855.5,542200
2021-03-19T00:00:00.000,14744,14788.25,14350.09961,14471.15039,919200
2021-03-22T00:00:00.000,14736.40039,14763.90039,14597.84961,14736.2998,459000
2021-03-23T00:00:00.000,14814.75,14878.59961,14707,14768.5498,474200
2021-03-24T00:00:00.000,14549.40039,14752.34961,14535,14712.4502,456400
2021-03-25T00:00:00.000,14324.90039,14575.59961,14264.40039,14570.90039,606800
2021-03-26T00:00:00.000,14507.2998,14572.90039,14414.25,14506.2998,481000
2021-03-30T00:00:00.000,14845.09961,14876.2998,14617.59961,14628.5,594500
2021-03-31T00:00:00.000,14690.7002,14813.75,14670.25,14811.84961,463900
2021-04-01T00:00:00.000,14867.34961,14883.2002,14692.4502,14798.40039,445000
2021-04-05T00:00:00.000,14637.7998,14849.84961,14459.5,14837.7002,509700
2021-04-06T00:00:00.000,14683.5,14779.09961,14573.90039,14737,475300
2021-04-07T00:00:00.000,14819.0498,14879.7998,14649.84961,14716.4502,0
2021-04-08T00:00:00.000,14873.7998,14984.15039,14821.09961,14875.65039,514800
2021-04-09T00:00:00.000,14834.84961,14918.4502,14785.65039,14882.65039,504100
2021-04-12T00:00:00.000,14310.7998,14652.5,14248.7002,14644.65039,650200
2021-04-13T00:00:00.000,14504.7998,14528.90039,14274.90039,14364.90039,605100
2021-04-15T00:00:00.000,14581.4502,14597.5498,14353.2002,14522.40039,568000
2021-04-16T00:00:00.000,14617.84961,14697.7002,14559,14599.59961,577200
2021-04-19T00:00:00.000,14359.4502,14382.2998,14191.40039,14306.59961,512300
2021-04-20T00:00:00.000,14296.40039,14526.9502,14207.2998,14526.7002,467400
2021-04-22T00:00:00.000,14406.15039,14424.75,14151.40039,14219.15039,524600
2021-04-23T00:00:00.000,14341.34961,14461.15039,14273.2998,14326.34961,498100
2021-04-26T00:00:00.000,14485,14557.5,14421.2998,14449.4502,452700
2021-04-27T00:00:00.000,14653.0498,14667.5498,14484.84961,14493.7998,451800
2021-04-28T00:00:00.000,14864.5498,14890.25,14694.9502,14710.5,457000
2021-04-29T00:00:00.000,14894.90039,15044.34961,14814.4502,14979,517500
2021-04-30T00:00:00.000,14631.09961,14855.4502,14601.7002,14747.34961,613900
2021-05-03T00:00:00.000,14634.15039,14673.84961,14416.25,14481.0498,448900
2021-05-04T00:00:00.000,14496.5,14723.40039,14461.5,14687.25,503400
2021-05-05T00:00:00.000,14617.84961,14637.90039,14506.59961,14604.15039,455900
2021-05-06T00:00:00.000,14724.7998,14743.90039,14611.5,14668.34961,467800
2021-05-07T00:00:00.000,14823.15039,14863.0498,14765.5,14816.84961,488000
2021-05-10T00:00:00.000,14942.34961,14966.90039,14892.5,14928.25,522000
2021-05-11T00:00:00.000,14850.75,14900,14771.40039,14789.7002,647400
2021-05-12T00:00:00.000,14696.5,14824.0498,14649.7002,14823.5498,643800
2021-05-14T00:00:00.000,14677.7998,14749.65039,14591.90039,14749.40039,620700
2021-05-17T00:00:00.000,14923.15039,14938,14725.34961,14756.25,546400
2021-05-18T00:00:00.000,15108.09961,15137.25,15043.7002,15067.2002,583900
2021-05-19T00:00:00.000,15030.15039,15133.40039,15008.84961,15058.59961,569100
2021-05-20T00:00:00.000,14906.0498,15069.7998,14884.90039,15042.59961,480300
2021-05-21T00:00:00.000,15175.2998,15190,14985.84961,14987.7998,572900
2021-05-24T00:00:00.000,15197.7002,15256.25,15145.4502,15211.34961,579800
2021-05-25T00:00:00.000,15208.4502,15293.84961,15163.40039,15291.75,441500
2021-05-26T00:00:00.000,15301.4502,15319.90039,15194.9502,15257.0498,384000
2021-05-27T00:00:00.000,15337.84961,15384.5498,15272.5,15323.9502,0
2021-05-28T00:00:00.000,15435.65039,15469.65039,15394.75,15421.2002,468100
2021-05-31T00:00:00.000,15582.7998,15606.34961,15374,15437.75,436000
2021-06-01T00:00:00.000,15574.84961,15660.75,15528.2998,15629.65039,409600
2021-06-02T00:00:00.000,15576.2002,15597.4502,15459.84961,15520.34961,428600
2021-06-03T00:00:00.000,15690.34961,15705.09961,15611,15655.5498,410200
2021-06-04T00:00:00.000,15670.25,15733.59961,15622.34961,15712.5,414200
2021-06-07T00:00:00.000,15751.65039,15773.4502,15678.09961,15725.09961,394000
2021-06-08T00:00:00.000,15740.09961,15778.7998,15680,15773.90039,378200
2021-06-09T00:00:00.000,15635.34961,15800.4502,15566.90039,15766.2998,457900
2021-06-10T00:00:00.000,15737.75,15751.25,15648.5,15692.09961,298300
2021-06-11T00:00:00.000,15799.34961,15835.5498,15749.7998,15796.4502,363000
2021-06-14T00:00:00.000,15811.84961,15823.0498,15606.5,15791.40039,392900
2021-06-15T00:00:00.000,15869.25,15901.59961,15842.40039,15866.9502,323300
2021-06-16T00:00:00.000,15767.5498,15880.84961,15742.59961,15847.5,340200
2021-06-17T00:00:00.000,15691.40039,15769.34961,15616.75,15648.2998,357600
2021-06-18T00:00:00.000,15683.34961,15761.5,15450.90039,15756.5,640800
2021-06-21T00:00:00.000,15746.5,15765.15039,15505.65039,15525.84961,351500
2021-06-22T00:00:00.000,15772.75,15895.75,15752.09961,15840.5,322200
2021-06-23T00:00:00.000,15686.9502,15862.9502,15673.9502,15862.7998,287500
2021-06-24T00:00:00.000,15790.4502,15821.40039,15702.7002,15737.2998,316700
2021-06-25T00:00:00.000,15860.34961,15870.7998,15772.2998,15839.34961,314600
2021-06-28T00:00:00.000,15814.7002,15915.65039,15792.15039,15915.34961,255100
2021-06-29T00:00:00.000,15748.4502,15835.90039,15724.0498,15807.5,360300
2021-06-30T00:00:00.000,15721.5,15839.09961,15708.75,15776.90039,262400
2021-07-01T00:00:00.000,15680,15755.5498,15667.0498,15755.0498,224900
2021-07-02T00:00:00.000,15722.2002,15738.34961,15635.9502,15705.84961,254800
2021-07-05T00:00:00.000,15834.34961,15845.9502,15762.0498,15793.40039,207000
2021-07-06T00:00:00.000,15818.25,15914.2002,15801,15813.75,391400
2021-07-07T00:00:00.000,15879.65039,15893.5498,15779.7002,15819.59961,329300
2021-07-08T00:00:00.000,15727.90039,15885.75,15682.90039,15855.40039,307900
2021-07-09T00:00:00.000,15689.7998,15730.84961,15632.75,15688.25,243200
2021-07-12T00:00:00.000,15692.59961,15789.2002,15644.75,15766.7998,216300
2021-07-13T00:00:00.000,15812.34961,15820.7998,15744.59961,15794,246700
2021-07-14T00:00:00.000,15853.9502,15877.34961,15764.2002,15808.7002,0
2021-07-15T00:00:00.000,15924.2002,15952.34961,15855,15872.15039,284900
2021-07-16T00:00:00.000,15923.40039,15962.25,15882.59961,15958.34961,276300
2021-07-19T00:00:00.000,15752.40039,15836.90039,15707.5,15754.5,242100
2021-07-20T00:00:00.000,15632.09961,15728.4502,15578.5498,15703.9502,274300
2021-07-22T00:00:00.000,15824.0498,15834.7998,15726.40039,15736.59961,265300
2021-07-23T00:00:00.000,15856.0498,15899.7998,15768.40039,15856.7998,294100
2021-07-26T00:00:00.000,15824.4502,15893.34961,15797,15849.2998,267100
2021-07-27T00:00:00.000,15746.4502,15881.5498,15701,15860.5,311000
2021-07-28T00:00:00.000,15709.40039,15767.5,15513.4502,15761.5498,318600
2021-07-29T00:00:00.000,15778.4502,15817.34961,15737.7998,15762.7002,401600
2021-07-30T00:00:00.000,15763.0498,15862.7998,15744.84961,15800.59961,400000
2021-08-02T00:00:00.000,15885.15039,15892.90039,15834.65039,15874.90039,244800
2021-08-03T00:00:00.000,16130.75,16146.90039,15914.34961,15951.5498,341300
2021-08-04T00:00:00.000,16258.7998,16290.2002,16176.15039,16195.25,427300
2021-08-05T00:00:00.000,16294.59961,16349.4502,16210.2998,16288.9502,418200
2021-08-06T00:00:00.000,16238.2002,16336.75,16223.2998,16304.40039,320100
2021-08-09T00:00:00.000,16258.25,16320.75,16179.0498,16281.34961,240500
2021-08-10T00:00:00.000,16280.09961,16359.25,16202.25,16274.7998,288000
2021-08-11T00:00:00.000,16282.25,16338.75,16162.5498,16327.2998,277900
2021-08-12T00:00:00.000,16364.40039,16375.5,16286.90039,16303.65039,280200
2021-08-13T00:00:00.000,16529.09961,16543.59961,16376.2998,16385.69922,321900
2021-08-16T00:00:00.000,16563.05078,16589.40039,16480.75,16518.40039,254000
2021-08-17T00:00:00.000,16614.59961,16628.55078,16495.40039,16545.25,297400
2021-08-18T00:00:00.000,16568.84961,16701.84961,16535.84961,16691.94922,251800
2021-08-20T00:00:00.000,16450.5,16509.55078,16376.0498,16382.5,350800
2021-08-23T00:00:00.000,16496.44922,16592.5,16395.69922,16592.25,275600
2021-08-24T00:00:00.000,16624.59961,16647.09961,16495.30078,16561.40039,275400
2021-08-25T00:00:00.000,16634.65039,16712.44922,16617.5,16654,265900
2021-08-26T00:00:00.000,16636.90039,16683.69922,16603.40039,16627.94922,253500
2021-08-27T00:00:00.000,16705.19922,16722.05078,16565.59961,16642.55078,217400
2021-08-30T00:00:00.000,16931.05078,16951.5,16764.84961,16775.84961,283500
2021-08-31T00:00:00.000,17132.19922,17153.5,16915.84961,16947.5,464400
2021-09-01T00:00:00.000,17076.25,17225.75,17055.05078,17185.59961,301900
2021-09-02T00:00:00.000,17234.15039,17245.5,17059.69922,17095.40039,242400
2021-09-03T00:00:00.000,17323.59961,17340.09961,17212.19922,17262.44922,261400
2021-09-06T00:00:00.000,17377.80078,17429.55078,17345.55078,17399.34961,228000
2021-09-07T00:00:00.000,17362.09961,17436.5,17287,17401.55078,243400
2021-09-08T00:00:00.000,17353.5,17383.40039,17254.19922,17375.75,252700
2021-09-09T00:00:00.000,17369.25,17379.65039,17302.69922,17312.84961,241500
2021-09-13T00:00:00.000,17355.30078,17378.34961,17269.15039,17363.55078,241100
2021-09-14T00:00:00.000,17380,17438.55078,17367.05078,17420.34961,230400
2021-09-15T00:00:00.000,17519.44922,17532.69922,17386.90039,17387.65039,388200
2021-09-16T00:00:00.000,17629.5,17644.59961,17510.44922,17539.19922,503300
2021-09-17T00:00:00.000,17585.15039,17792.94922,17537.65039,17709.65039,508300
2021-09-20T00:00:00.000,17396.90039,17622.75,17361.80078,17443.84961,339100
2021-09-21T00:00:00.000,17562,17578.34961,17326.09961,17450.5,363600
2021-09-22T00:00:00.000,17546.65039,17610.44922,17524,17580.90039,295200
2021-09-23T00:00:00.000,17822.94922,17843.90039,17646.55078,17670.84961,320500
2021-09-24T00:00:00.000,17853.19922,17947.65039,17819.40039,17897.44922,360100
2021-09-27T00:00:00.000,17855.09961,17943.5,17802.90039,17932.19922,295700
2021-09-28T00:00:00.000,17748.59961,17912.84961,17576.09961,17906.44922,398000
2021-09-29T00:00:00.000,17711.30078,17781.75,17608.15039,17657.94922,562200
2021-09-30T00:00:00.000,17618.15039,17742.15039,17585.34961,17718.90039,378600
2021-10-01T00:00:00.000,17532.05078,17557.15039,17452.90039,17531.90039,305800
2021-10-04T00:00:00.000,17691.25,17750.90039,17581.34961,17615.55078,295800
2021-10-05T00:00:00.000,17822.30078,17833.44922,17640.90039,17661.34961,427000
2021-10-06T00:00:00.000,17646,17884.59961,17613.15039,17861.5,395800
2021-10-07T00:00:00.000,17790.34961,17857.55078,17763.80078,17810.55078,419900
2021-10-08T00:00:00.000,17895.19922,17941.84961,17840.34961,17886.84961,324100
2021-10-11T00:00:00.000,17945.94922,18041.94922,17839.09961,17867.55078,375800
2021-10-12T00:00:00.000,17991.94922,18008.65039,17864.94922,17915.80078,355600
2021-10-13T00:00:00.000,18161.75,18197.80078,18050.75,18097.84961,506700
2021-10-14T00:00:00.000,18338.55078,18350.75,18248.69922,18272.84961,538700
2021-10-18T00:00:00.000,18477.05078,18543.15039,18445.30078,18500.09961,469900
2021-10-19T00:00:00.000,18418.75,18604.44922,18377.69922,18602.34961,368200
2021-10-20T00:00:00.000,18266.59961,18458.30078,18209.34961,18439.90039,371300
2021-10-21T00:00:00.000,18178.09961,18384.19922,18048,18382.69922,365900
2021-10-22T00:00:00.000,18114.90039,18314.25,18034.34961,18230.69922,324700
2021-10-25T00:00:00.000,18125.40039,18241.40039,17968.5,18229.5,418700
2021-10-26T00:00:00.000,18268.40039,18310.44922,18099.30078,18154.5,341400
2021-10-27T00:00:00.000,18210.94922,18342.05078,18167.90039,18295.84961,335200
2021-10-28T00:00:00.000,17857.25,18190.69922,17799.44922,18187.65039,374200
2021-10-29T00:00:00.000,17671.65039,17915.84961,17613.09961,17833.05078,336500
2021-11-01T00:00:00.000,17929.65039,17954.09961,17697.09961,17783.15039,281200
2021-11-02T00:00:00.000,17888.94922,18012.25,17847.59961,17970.90039,296400
2021-11-03T00:00:00.000,17829.19922,17988.75,17757.94922,17947.94922,331000
2021-11-04T00:00:00.000,17916.80078,17947.55078,17900.59961,17935.05078,48500
2021-11-08T00:00:00.000,18068.55078,18087.80078,17836.09961,18040.19922,338900
2021-11-09T00:00:00.000,18044.25,18112.59961,17983.05078,18084.34961,270200
2021-11-10T00:00:00.000,18017.19922,18061.25,17915,17973.44922,261400
2021-11-11T00:00:00.000,17873.59961,17971.34961,17798.19922,17967.44922,232100
2021-11-12T00:00:00.000,18102.75,18123,17905.90039,17977.59961,249100
2021-11-15T00:00:00.000,18109.44922,18210.15039,18071.30078,18140.94922,280400
2021-11-16T00:00:00.000,17999.19922,18132.65039,17958.80078,18127.05078,267400
2021-11-17T00:00:00.000,17898.65039,18022.65039,17879.25,17939.34961,295700
2021-11-18T00:00:00.000,17764.80078,17945.59961,17688.5,17890.55078,278400
2021-11-22T00:00:00.000,17416.55078,17805.25,17280.44922,17796.25,356400
2021-11-23T00:00:00.000,17503.34961,17553.69922,17216.09961,17281.75,308800
2021-11-24T00:00:00.000,17415.05078,17600.59961,17354,17550.05078,298100
2021-11-25T00:00:00.000,17536.25,17564.34961,17351.69922,17417.30078,255900
2021-11-26T00:00:00.000,17026.44922,17355.40039,16985.69922,17338.75,356300
2021-11-29T00:00:00.000,17053.94922,17160.69922,16782.40039,17055.80078,348900
2021-11-30T00:00:00.000,16983.19922,17324.65039,16931.40039,17051.15039,498000
2021-12-01T00:00:00.000,17166.90039,17213.05078,17064.25,17104.40039,295500
2021-12-02T00:00:00.000,17401.65039,17420.34961,17149.30078,17183.19922,279900
2021-12-03T00:00:00.000,17196.69922,17489.80078,17180.80078,17424.90039,292500
2021-12-06T00:00:00.000,16912.25,17216.75,16891.69922,17209.05078,231700
2021-12-07T00:00:00.000,17176.69922,17251.65039,16987.75,17044.09961,254100
2021-12-08T00:00:00.000,17469.75,17484.59961,17308.94922,17315.25,257800
2021-12-09T00:00:00.000,17516.84961,17543.25,17379.59961,17524.40039,237200
2021-12-10T00:00:00.000,17511.30078,17534.34961,17405.25,17476.05078,204500
2021-12-13T00:00:00.000,17368.25,17639.5,17355.94922,17619.09961,256600
2021-12-14T00:00:00.000,17324.90039,17376.19922,17225.80078,17283.19922,271000
2021-12-15T00:00:00.000,17221.40039,17351.19922,17192.19922,17323.65039,215000
2021-12-16T00:00:00.000,17248.40039,17379.34961,17184.94922,17373,219500
2021-12-17T00:00:00.000,16985.19922,17298.15039,16966.44922,17276,354600
2021-12-20T00:00:00.000,16614.19922,16840.09961,16410.19922,16824.25,330600
2021-12-21T00:00:00.000,16770.84961,16936.40039,16688.25,16773.15039,241000
2021-12-22T00:00:00.000,16955.44922,16971,16819.5,16865.55078,207900
2021-12-23T00:00:00.000,17072.59961,17118.65039,17015.55078,17066.80078,197000
2021-12-24T00:00:00.000,17003.75,17155.59961,16909.59961,17149.5,182600
2021-12-27T00:00:00.000,17086.25,17112.05078,16833.19922,16937.75,144800
2021-12-28T00:00:00.000,17233.25,17250.25,17161.15039,17177.59961,176000
2021-12-29T00:00:00.000,17213.59961,17285.94922,17176.65039,17220.09961,161700
2021-12-30T00:00:00.000,17203.94922,17264.05078,17146.34961,17201.44922,320800
2021-12-31T00:00:00.000,17354.05078,17400.80078,17238.5,17244.5,167000
2022-01-03T00:00:00.000,17625.69922,17646.65039,17383.30078,17387.15039,200500
2022-01-04T00:00:00.000,17805.25,17827.59961,17593.55078,17681.40039,247400
2022-01-05T00:00:00.000,17925.25,17944.69922,17748.84961,17820.09961,251500
2022-01-06T00:00:00.000,17745.90039,17797.94922,17655.55078,17768.5,236500
2022-01-07T00:00:00.000,17812.69922,17905,17704.55078,17797.59961,239300
2022-01-10T00:00:00.000,18003.30078,18017.44922,17879.15039,17913.30078,232400
2022-01-11T00:00:00.000,18055.75,18081.25,17964.40039,17997.75,220200
2022-01-12T00:00:00.000,18212.34961,18227.94922,18128.80078,18170.40039,245000
2022-01-13T00:00:00.000,18257.80078,18272.25,18163.80078,18257,303700
2022-01-14T00:00:00.000,18255.75,18286.94922,18119.65039,18185,229500
2022-01-17T00:00:00.000,18308.09961,18321.55078,18228.75,18235.65039,266700
2022-01-18T00:00:00.000,18113.05078,18350.94922,18085.90039,18337.19922,227500
2022-01-19T00:00:00.000,17938.40039,18129.19922,17884.90039,18129.19922,276700
2022-01-20T00:00:00.000,17757,17943.69922,17648.44922,17921,258100
2022-01-21T00:00:00.000,17617.15039,17707.59961,17485.84961,17613.69922,277600
2022-01-24T00:00:00.000,17149.09961,17599.40039,16997.84961,17575.15039,323800
2022-01-25T00:00:00.000,17277.94922,17309.15039,16836.80078,17001.55078,326500
2022-01-27T00:00:00.000,17110.15039,17182.5,16866.75,17062,395600
2022-01-28T00:00:00.000,17101.94922,17373.5,17077.09961,17208.30078,355300
2022-01-31T00:00:00.000,17339.84961,17410,17264.15039,17301.05078,321700
2022-02-01T00:00:00.000,17576.84961,17622.40039,17244.55078,17529.44922,386400
2022-02-02T00:00:00.000,17780,17794.59961,17674.80078,17706.19922,271200
2022-02-03T00:00:00.000,17560.19922,17781.15039,17511.15039,17767.75,226600
2022-02-04T00:00:00.000,17516.30078,17617.80078,17462.55078,17590.19922,261400
2022-02-07T00:00:00.000,17213.59961,17536.75,17119.40039,17456.30078,265000
2022-02-08T00:00:00.000,17266.75,17306.44922,17043.65039,17279.84961,268500
2022-02-09T00:00:00.000,17463.80078,17477.15039,17339,17370.09961,236400
2022-02-10T00:00:00.000,17605.84961,17639.44922,17427.15039,17554.09961,273600
2022-02-11T00:00:00.000,17374.75,17454.75,17303,17451,253100
2022-02-14T00:00:00.000,16842.80078,17099.5,16809.65039,17076.15039,305500
2022-02-15T00:00:00.000,17352.44922,17375,16839.25,16933.25,298700
2022-02-16T00:00:00.000,17322.19922,17490.59961,17257.69922,17408.44922,244500
2022-02-17T00:00:00.000,17304.59961,17442.90039,17235.84961,17396.55078,232100
2022-02-18T00:00:00.000,17276.30078,17380.80078,17219.19922,17236.05078,189600
2022-02-21T00:00:00.000,17206.65039,17351.05078,17070.69922,17192.25,215200
2022-02-22T00:00:00.000,17092.19922,17148.55078,16843.80078,16847.94922,300100
2022-02-23T00:00:00.000,17063.25,17220.69922,17027.84961,17194.5,200200
2022-02-24T00:00:00.000,16247.9502,16705.25,16203.25,16548.90039,458000
2022-02-25T00:00:00.000,16658.40039,16748.80078,16478.30078,16515.65039,329800
2022-02-28T00:00:00.000,16793.90039,16815.90039,16356.2998,16481.59961,404200
2022-03-02T00:00:00.000,16605.94922,16678.5,16478.65039,16593.09961,517700
2022-03-03T00:00:00.000,16498.05078,16768.94922,16442.94922,16723.19922,442100
2022-03-04T00:00:00.000,16245.34961,16456,16133.7998,16339.4502,456100
2022-03-07T00:00:00.000,15863.15039,15944.59961,15711.4502,15867.9502,585400
2022-03-08T00:00:00.000,16013.4502,16028.75,15671.4502,15747.75,543600
2022-03-09T00:00:00.000,16345.34961,16418.05078,15990,16078,462200
2022-03-10T00:00:00.000,16594.90039,16757.30078,16447.90039,16757.09961,486400
2022-03-11T00:00:00.000,16630.44922,16694.40039,16470.90039,16528.80078,343700
2022-03-14T00:00:00.000,16871.30078,16887.94922,16606.5,16633.69922,314700
2022-03-15T00:00:00.000,16663,16927.75,16555,16900.65039,381600
2022-03-16T00:00:00.000,16975.34961,16987.90039,16837.84961,16876.65039,260000
2022-03-17T00:00:00.000,17287.05078,17344.59961,17175.75,17202.90039,448300
2022-03-21T00:00:00.000,17117.59961,17353.34961,17096.40039,17329.5,285500
2022-03-22T00:00:00.000,17315.5,17334.40039,17006.30078,17120.40039,338300
2022-03-23T00:00:00.000,17245.65039,17442.40039,17199.59961,17405.05078,292100
2022-03-24T00:00:00.000,17222.75,17291.75,17091.15039,17094.94922,290300
2022-03-25T00:00:00.000,17153,17294.90039,17076.55078,17289,237100
2022-03-28T00:00:00.000,17222,17235.09961,17003.90039,17181.84961,253200
2022-03-29T00:00:00.000,17325.30078,17343.65039,17235.69922,17297.19922,235100
2022-03-30T00:00:00.000,17498.25,17522.5,17387.19922,17468.15039,505000
2022-03-31T00:00:00.000,17464.75,17559.80078,17435.19922,17519.19922,281100
2022-04-01T00:00:00.000,17670.44922,17703.69922,17422.69922,17436.90039,291800
2022-04-04T00:00:00.000,18053.40039,18114.65039,17791.40039,17809.09961,345500
2022-04-05T00:00:00.000,17957.40039,18095.44922,17921.55078,18080.59961,283500
2022-04-06T00:00:00.000,17807.65039,17901,17779.84961,17842.75,328800
2022-04-07T00:00:00.000,17639.55078,17787.5,17623.69922,17723.30078,308800
2022-04-08T00:00:00.000,17784.34961,17842.75,17600.55078,17698.15039,274400
2022-04-11T00:00:00.000,17674.94922,17779.05078,17650.94922,17740.90039,251700
2022-04-12T00:00:00.000,17530.30078,17595.30078,17442.34961,17584.84961,266000
2022-04-13T00:00:00.000,17475.65039,17663.65039,17457.40039,17599.90039,245100
2022-04-18T00:00:00.000,17173.65039,17237.75,17067.84961,17183.44922,376100
2022-04-19T00:00:00.000,16958.65039,17275.65039,16824.69922,17258.94922,401400
2022-04-20T00:00:00.000,17136.55078,17186.90039,16978.94922,17045.25,286100
2022-04-21T00:00:00.000,17392.59961,17414.69922,17215.5,17234.59961,285200
2022-04-22T00:00:00.000,17171.94922,17315.30078,17149.19922,17242.75,262700
2022-04-25T00:00:00.000,16953.94922,17054.30078,16888.69922,17009.05078,275700
2022-04-26T00:00:00.000,17200.80078,17223.84961,17064.44922,17121.30078,261100
2022-04-27T00:00:00.000,17038.40039,17110.69922,16958.44922,17073.34961,265100
2022-04-28T00:00:00.000,17245.05078,17322.5,17071.05078,17189.5,312900
2022-04-29T00:00:00.000,17102.55078,17377.65039,17053.25,17329.25,336200
2022-05-02T00:00:00.000,17069.09961,17092.25,16917.25,16924.44922,278200
2022-05-04T00:00:00.000,16677.59961,17132.84961,16623.94922,17096.59961,310600
2022-05-05T00:00:00.000,16682.65039,16945.69922,16651.84961,16854.75,265800
2022-05-06T00:00:00.000,16411.25,16484.19922,16340.90039,16415.55078,300500
2022-05-09T00:00:00.000,16301.84961,16403.69922,16142.09961,16227.7002,288400
2022-05-10T00:00:00.000,16240.0498,16404.55078,16197.2998,16248.90039,283100
2022-05-11T00:00:00.000,16167.09961,16318.75,15992.59961,16270.0498,284300
2022-05-12T00:00:00.000,15808,16041.9502,15735.75,16021.09961,314900
2022-05-13T00:00:00.000,15782.15039,16083.59961,15740.84961,15977,369100
2022-05-16T00:00:00.000,15842.2998,15977.9502,15739.65039,15845.09961,217600
2022-05-17T00:00:00.000,16259.2998,16284.25,15900.7998,15912.59961,295700
2022-05-18T00:00:00.000,16240.2998,16399.80078,16211.2002,16318.15039,290400
2022-05-19T00:00:00.000,15809.40039,15984.75,15775.2002,15917.40039,313900
2022-05-20T00:00:00.000,16266.15039,16283.0498,16003.84961,16043.7998,252400
2022-05-23T00:00:00.000,16214.7002,16414.69922,16185.75,16290.9502,293800
2022-05-24T00:00:00.000,16125.15039,16262.7998,16078.59961,16225.5498,249800
2022-05-25T00:00:00.000,16025.7998,16223.34961,16006.9502,16196.34961,243300
2022-05-26T00:00:00.000,16170.15039,16204.4502,15903.7002,16105,314300
2022-05-27T00:00:00.000,16352.4502,16370.59961,16221.9502,16296.59961,274100
2022-05-30T00:00:00.000,16661.40039,16695.5,16506.15039,16527.90039,251400
2022-05-31T00:00:00.000,16584.55078,16690.75,16521.90039,16578.44922,651600
2022-06-01T00:00:00.000,16522.75,16649.19922,16438.84961,16594.40039,249600
2022-06-02T00:00:00.000,16628,16646.40039,16443.05078,16481.65039,236000
2022-06-03T00:00:00.000,16584.30078,16793.84961,16567.90039,16761.65039,245500
2022-06-06T00:00:00.000,16569.55078,16610.94922,16444.55078,16530.69922,233600
2022-06-07T00:00:00.000,16416.34961,16487.25,16347.09961,16469.59961,233800
2022-06-08T00:00:00.000,16356.25,16514.30078,16293.34961,16474.94922,243500
2022-06-09T00:00:00.000,16478.09961,16492.80078,16243.84961,16263.84961,205000
2022-06-10T00:00:00.000,16201.7998,16324.7002,16172.59961,16283.9502,189700
2022-06-13T00:00:00.000,15774.40039,15886.15039,15684,15877.5498,225500
2022-06-14T00:00:00.000,15732.09961,15858,15659.4502,15674.25,225400
2022-06-15T00:00:00.000,15692.15039,15783.65039,15678.90039,15729.25,183000
2022-06-16T00:00:00.000,15360.59961,15863.15039,15335.09961,15832.25,264700
2022-06-17T00:00:00.000,15293.5,15400.40039,15183.40039,15272.65039,342600
2022-06-20T00:00:00.000,15350.15039,15382.5,15191.09961,15334.5,260000
2022-06-21T00:00:00.000,15638.7998,15707.25,15419.84961,15455.9502,262800
2022-06-22T00:00:00.000,15413.2998,15565.40039,15385.9502,15545.65039,220900
2022-06-23T00:00:00.000,15556.65039,15628.4502,15367.5,15451.5498,259200
2022-06-24T00:00:00.000,15699.25,15749.25,15619.4502,15657.40039,219600
2022-06-27T00:00:00.000,15832.0498,15927.4502,15815.5,15926.2002,210900
2022-06-28T00:00:00.000,15850.2002,15892.09961,15710.15039,15757.4502,251900
2022-06-29T00:00:00.000,15799.09961,15861.59961,15687.7998,15701.7002,444900
2022-06-30T00:00:00.000,15780.25,15890,15728.84961,15774.5,306000
2022-07-01T00:00:00.000,15752.0498,15793.9502,15511.0498,15703.7002,364100
2022-07-04T00:00:00.000,15835.34961,15852.34961,15661.7998,15710.5,304300
2022-07-05T00:00:00.000,15810.84961,16025.75,15785.4502,15909.15039,254200
2022-07-06T00:00:00.000,15989.7998,16011.34961,15800.90039,15818.2002,288400
2022-07-07T00:00:00.000,16132.90039,16150.5,16045.9502,16113.75,264600
2022-07-08T00:00:00.000,16220.59961,16275.5,16157.90039,16273.65039,281100
2022-07-11T00:00:00.000,16216,16248.5498,16115.5,16136.15039,255900
2022-07-12T00:00:00.000,16058.2998,16158.75,16031.15039,16126.2002,208600
2022-07-13T00:00:00.000,15966.65039,16140,15950.15039,16128.2002,233300
2022-07-14T00:00:00.000,15938.65039,16070.84961,15858.2002,16018.84961,228600
2022-07-15T00:00:00.000,16049.2002,16066.9502,15927.2998,16010.7998,205800
2022-07-18T00:00:00.000,16278.5,16287.9502,16142.2002,16151.40039,227700
2022-07-19T00:00:00.000,16340.5498,16359.5,16187.0498,16187.0498,222600
2022-07-20T00:00:00.000,16520.84961,16588,16490.94922,16562.80078,284400
2022-07-21T00:00:00.000,16605.25,16626.94922,16483.90039,16523.55078,243600
2022-07-22T00:00:00.000,16719.44922,16752.25,16610.90039,16661.25,190900
2022-07-25T00:00:00.000,16631,16706.05078,16564.25,16662.55078,211400
2022-07-26T00:00:00.000,16483.84961,16636.09961,16463.30078,16632.90039,208200
2022-07-27T00:00:00.000,16641.80078,16653.44922,16438.75,16475.34961,185200
2022-07-28T00:00:00.000,16929.59961,16947.65039,16746.25,16774.84961,376300
2022-07-29T00:00:00.000,17158.25,17172.80078,17018.15039,17079.5,436100
2022-08-01T00:00:00.000,17340.05078,17356.25,17154.80078,17243.19922,381500
2022-08-02T00:00:00.000,17345.44922,17390.15039,17215.84961,17310.15039,333600
2022-08-03T00:00:00.000,17388.15039,17407.5,17225.84961,17349.25,285400
2022-08-04T00:00:00.000,17382,17490.69922,17161.25,17463.09961,325000
2022-08-05T00:00:00.000,17397.5,17474.40039,17348.75,17423.65039,355300
2022-08-08T00:00:00.000,17525.09961,17548.80078,17359.75,17401.5,257000
2022-08-10T00:00:00.000,17534.75,17566.09961,17442.80078,17566.09961,312700
2022-08-11T00:00:00.000,17659,17719.30078,17631.94922,17711.65039,311200
2022-08-12T00:00:00.000,17698.15039,17724.65039,17597.84961,17659.65039,303900
2022-08-16T00:00:00.000,17825.25,17839.09961,17764.05078,17797.19922,0
2022-08-17T00:00:00.000,17944.25,17965.94922,17833.34961,17868.15039,262800
2022-08-18T00:00:00.000,17956.5,17968.44922,17852.05078,17898.65039,263900
2022-08-19T00:00:00.000,17758.44922,17992.19922,17710.75,17966.55078,295600
2022-08-22T00:00:00.000,17490.69922,17690.05078,17467.34961,17682.90039,287600
2022-08-23T00:00:00.000,17577.5,17625.55078,17345.19922,17357.34961,285600
2022-08-24T00:00:00.000,17604.94922,17623.65039,17499.25,17525.44922,262000
2022-08-25T00:00:00.000,17522.44922,17726.5,17487.44922,17679,230200
2022-08-26T00:00:00.000,17558.90039,17685.84961,17519.34961,17619.30078,266600
2022-08-29T00:00:00.000,17312.90039,17380.15039,17166.19922,17188.65039,244900
2022-08-30T00:00:00.000,17759.30078,17777.65039,17401.5,17414.94922,324700
2022-09-01T00:00:00.000,17542.80078,17695.59961,17468.44922,17485.69922,308500
2022-09-02T00:00:00.000,17539.44922,17643.84961,17476.44922,17598.40039,256300
2022-09-05T00:00:00.000,17665.80078,17683.15039,17540.34961,17546.44922,230300
2022-09-06T00:00:00.000,17655.59961,17764.65039,17587.65039,17695.69922,251200
2022-09-07T00:00:00.000,17624.40039,17650.75,17484.30078,17519.40039,354100
2022-09-08T00:00:00.000,17798.75,17807.65039,17691.94922,17748.15039,279800
2022-09-09T00:00:00.000,17833.34961,17925.94922,17786,17923.34961,270300
2022-09-12T00:00:00.000,17936.34961,17980.55078,17889.15039,17890.84961,228200
2022-09-13T00:00:00.000,18070.05078,18088.30078,18015.44922,18044.44922,259900
2022-09-14T00:00:00.000,18003.75,18091.55078,17771.15039,17771.15039,365900
2022-09-15T00:00:00.000,17877.40039,18096.15039,17861.5,18046.34961,289600
2022-09-16T00:00:00.000,17530.84961,17820.05078,17497.25,17796.80078,468500
2022-09-19T00:00:00.000,17622.25,17667.19922,17429.69922,17540.65039,258300
2022-09-20T00:00:00.000,17816.25,17919.30078,17744.40039,17770.40039,263100
2022-09-21T00:00:00.000,17718.34961,17838.69922,17663.59961,17766.34961,245500
2022-09-22T00:00:00.000,17629.80078,17722.75,17532.44922,17609.65039,284100
2022-09-23T00:00:00.000,17327.34961,17642.15039,17291.65039,17593.84961,390800
2022-09-26T00:00:00.000,17016.30078,17196.40039,16978.30078,17156.30078,492000
2022-09-27T00:00:00.000,17007.40039,17176.44922,16942.34961,17110.90039,359900
2022-09-28T00:00:00.000,16858.59961,17037.59961,16820.40039,16870.55078,323900
2022-09-29T00:00:00.000,16818.09961,17026.05078,16788.59961,16993.59961,340000
2022-09-30T00:00:00.000,17094.34961,17187.09961,16747.69922,16798.05078,376100
2022-10-03T00:00:00.000,16887.34961,17114.65039,16855.55078,17102.09961,278400
2022-10-04T00:00:00.000,17274.30078,17287.30078,17117.30078,17147.44922,226000
2022-10-06T00:00:00.000,17331.80078,17428.80078,17315.65039,17379.25,265500
2022-10-07T00:00:00.000,17314.65039,17337.34961,17216.94922,17287.19922,216300
2022-10-10T00:00:00.000,17241,17280.15039,17064.69922,17094.34961,234000
2022-10-11T00:00:00.000,16983.55078,17261.80078,16950.30078,17256.05078,282600
2022-10-12T00:00:00.000,17123.59961,17142.34961,16960.05078,17025.55078,256000
2022-10-13T00:00:00.000,17014.34961,17112.34961,16956.94922,17087.34961,266400
2022-10-14T00:00:00.000,17185.69922,17348.55078,17169.75,17322.30078,227000
2022-10-17T00:00:00.000,17311.80078,17328.55078,17098.55078,17144.80078,212200
2022-10-18T00:00:00.000,17486.94922,17527.80078,17434.05078,17438.75,239500
2022-10-19T00:00:00.000,17512.25,17607.59961,17472.84961,17568.15039,210500
2022-10-20T00:00:00.000,17563.94922,17584.15039,17421,17423.09961,249600
2022-10-21T00:00:00.000,17576.30078,17670.15039,17520.75,17622.84961,277700
2022-10-24T00:00:00.000,17730.75,17777.55078,17707.40039,17736.34961,45000
2022-10-25T00:00:00.000,17656.34961,17811.5,17637,17808.30078,251400
2022-10-27T00:00:00.000,17736.94922,17783.90039,17654.5,17771.40039,324600
2022-10-28T00:00:00.000,17786.80078,17838.90039,17723.69922,17756.40039,250000
2022-10-31T00:00:00.000,18012.19922,18022.80078,17899.90039,17910.19922,227200
2022-11-01T00:00:00.000,18145.40039,18175.80078,18060.15039,18130.69922,349900
2022-11-02T00:00:00.000,18082.84961,18178.75,18048.65039,18177.90039,270900
2022-11-03T00:00:00.000,18052.69922,18106.30078,17959.19922,17968.34961,213000
2022-11-04T00:00:00.000,18117.15039,18135.09961,18017.15039,18053.40039,267900
2022-11-07T00:00:00.000,18202.80078,18255.5,18064.75,18211.75,314800
2022-11-09T00:00:00.000,18157,18296.40039,18117.5,18288.25,307200
2022-11-10T00:00:00.000,18028.19922,18103.09961,17969.40039,18044.34961,256500
2022-11-11T00:00:00.000,18349.69922,18362.30078,18259.34961,18272.34961,378500
2022-11-14T00:00:00.000,18329.15039,18399.44922,18311.40039,18376.40039,301400
2022-11-15T00:00:00.000,18403.40039,18427.94922,18282,18362.75,250900
2022-11-16T00:00:00.000,18409.65039,18442.15039,18344.15039,18398.25,219300
2022-11-17T00:00:00.000,18343.90039,18417.59961,18312.94922,18358.69922,200500
2022-11-18T00:00:00.000,18307.65039,18394.59961,18209.80078,18382.94922,198800
2022-11-21T00:00:00.000,18159.94922,18262.30078,18133.34961,18246.40039,213800
2022-11-22T00:00:00.000,18244.19922,18261.84961,18137.69922,18179.15039,177700
2022-11-23T00:00:00.000,18267.25,18325.40039,18246,18325.19922,178800
2022-11-24T00:00:00.000,18484.09961,18529.69922,18294.25,18326.09961,204000
2022-11-25T00:00:00.000,18512.75,18534.90039,18445.09961,18528.44922,205900
2022-11-28T00:00:00.000,18562.75,18614.25,18365.59961,18430.55078,206500
2022-11-29T00:00:00.000,18618.05078,18678.09961,18552.15039,18552.44922,195300
2022-11-30T00:00:00.000,18758.34961,18816.05078,18616.55078,18625.69922,345600
2022-12-01T00:00:00.000,18812.5,18887.59961,18778.19922,18871.94922,325000
2022-12-02T00:00:00.000,18696.09961,18781.94922,18639.19922,18752.40039,254400
2022-12-05T00:00:00.000,18701.05078,18728.59961,18591.34961,18719.55078,288400
2022-12-06T00:00:00.000,18642.75,18654.90039,18577.90039,18600.65039,217800
2022-12-07T00:00:00.000,18560.5,18668.30078,18528.40039,18638.84961,200500
2022-12-08T00:00:00.000,18609.34961,18625,18536.94922,18570.84961,202800
2022-12-09T00:00:00.000,18496.59961,18664.69922,18410.09961,18662.40039,215800
2022-12-12T00:00:00.000,18497.15039,18521.55078,18345.69922,18402.15039,193900
2022-12-13T00:00:00.000,18608,18617.25,18490.19922,18524.40039,187600
2022-12-14T00:00:00.000,18660.30078,18696.09961,18632.90039,18671.25,208000
2022-12-15T00:00:00.000,18414.90039,18652.90039,18387.69922,18614.40039,183100
2022-12-16T00:00:00.000,18269,18440.94922,18255.15039,18319.09961,277700
2022-12-19T00:00:00.000,18420.44922,18431.65039,18244.55078,18288.09961,154800
2022-12-20T00:00:00.000,18385.30078,18404.90039,18202.65039,18340.30078,169000
2022-12-21T00:00:00.000,18199.09961,18473.34961,18162.75,18435.15039,187600
2022-12-22T00:00:00.000,18127.34961,18318.75,18068.59961,18288.80078,195700
2022-12-23T00:00:00.000,17806.80078,18050.44922,17779.5,17977.65039,221500
2022-12-26T00:00:00.000,18014.59961,18084.09961,17774.25,17830.40039,176700
2022-12-27T00:00:00.000,18132.30078,18149.25,17967.44922,18089.80078,214300
2022-12-28T00:00:00.000,18122.5,18173.09961,18068.34961,18084.75,193900
2022-12-29T00:00:00.000,18191,18229.69922,17992.80078,18045.69922,281100
2022-12-30T00:00:00.000,18105.30078,18265.25,18080.30078,18259.09961,192000
2023-01-02T00:00:00.000,18197.44922,18215.15039,18086.5,18131.69922,256100
2023-01-03T00:00:00.000,18232.55078,18251.94922,18149.80078,18163.19922,208700
2023-01-04T00:00:00.000,18042.94922,18243,18020.59961,18230.65039,235200
2023-01-05T00:00:00.000,17992.15039,18120.30078,17892.59961,18101.94922,269900
2023-01-06T00:00:00.000,17859.44922,18047.40039,17795.55078,18008.05078,238200
2023-01-09T00:00:00.000,18101.19922,18141.40039,17936.15039,17952.55078,257200
2023-01-10T00:00:00.000,17914.15039,18127.59961,17856,18121.30078,283300
2023-01-11T00:00:00.000,17895.69922,17976.34961,17824.34961,17924.25,259900
2023-01-12T00:00:00.000,17858.19922,17945.80078,17761.65039,17920.84961,227800
2023-01-13T00:00:00.000,17956.59961,17999.34961,17774.25,17867.5,256700
2023-01-16T00:00:00.000,17894.84961,18049.65039,17853.65039,18033.15039,206200
2023-01-17T00:00:00.000,18053.30078,18072.05078,17886.94922,17922.80078,219100
2023-01-18T00:00:00.000,18165.34961,18183.75,18032.44922,18074.30078,255800
2023-01-19T00:00:00.000,18107.84961,18155.19922,18063.75,18119.80078,237800
2023-01-20T00:00:00.000,18027.65039,18145.44922,18016.19922,18115.59961,237200
2023-01-23T00:00:00.000,18118.55078,18162.59961,18063.44922,18118.44922,202500
2023-01-24T00:00:00.000,18118.30078,18201.25,18078.65039,18183.94922,216900
2023-01-25T00:00:00.000,17891.94922,18100.59961,17846.15039,18093.34961,257200
2023-01-27T00:00:00.000,17604.34961,17884.75,17493.55078,17877.19922,476300
2023-01-30T00:00:00.000,17648.94922,17709.15039,17405.55078,17541.94922,432400
2023-01-31T00:00:00.000,17662.15039,17735.69922,17537.55078,17731.44922,398300
2023-02-01T00:00:00.000,17616.30078,17972.19922,17353.40039,17811.59961,512900
2023-02-02T00:00:00.000,17610.40039,17653.90039,17445.94922,17517.09961,490100
2023-02-03T00:00:00.000,17854.05078,17870.30078,17584.19922,17721.75,424100
2023-02-06T00:00:00.000,17764.59961,17823.69922,17698.34961,17818.55078,282500
2023-02-07T00:00:00.000,17721.5,17811.15039,17652.55078,17790.09961,354400
2023-02-08T00:00:00.000,17871.69922,17898.69922,17744.15039,17750.30078,291000
2023-02-09T00:00:00.000,17893.44922,17916.90039,17779.80078,17885.5,260900
2023-02-10T00:00:00.000,17856.5,17876.94922,17801,17847.55078,232000
2023-02-13T00:00:00.000,17770.90039,17880.69922,17719.75,17859.09961,231300
2023-02-14T00:00:00.000,17929.84961,17954.55078,17800.05078,17840.34961,244500
2023-02-15T00:00:00.000,18015.84961,18034.09961,17853.80078,17896.59961,229300
2023-02-16T00:00:00.000,18035.84961,18134.75,18000.65039,18094.75,230200
2023-02-17T00:00:00.000,17944.19922,18034.25,17884.59961,17974.84961,208100
2023-02-20T00:00:00.000,17844.59961,18004.34961,17818.40039,17965.55078,174600
2023-02-21T00:00:00.000,17826.69922,17924.90039,17800.30078,17905.80078,198200
2023-02-22T00:00:00.000,17554.30078,17772.5,17529.44922,17755.34961,204000
2023-02-23T00:00:00.000,17511.25,17620.05078,17455.40039,17574.65039,240800
2023-02-24T00:00:00.000,17465.80078,17599.75,17421.80078,17591.34961,209400
2023-02-27T00:00:00.000,17392.69922,17451.59961,17299,17428.59961,246400
2023-02-28T00:00:00.000,17303.94922,17440.44922,17255.19922,17383.25,420900
2023-03-01T00:00:00.000,17450.90039,17467.75,17345.25,17360.09961,272900
2023-03-02T00:00:00.000,17321.90039,17445.80078,17306,17421.5,310700
2023-03-03T00:00:00.000,17594.34961,17644.75,17427.69922,17451.25,356200
2023-03-06T00:00:00.000,17711.44922,17799.94922,17671.94922,17680.34961,362800
2023-03-08T00:00:00.000,17754.40039,17766.5,17602.25,17665.75,267000
2023-03-09T00:00:00.000,17589.59961,17772.34961,17573.59961,17772.05078,262400
2023-03-10T00:00:00.000,17412.90039,17451.5,17324.34961,17443.80078,235900
2023-03-13T00:00:00.000,17154.30078,17529.90039,17113.44922,17421.90039,254900
2023-03-14T00:00:00.000,17043.30078,17224.65039,16987.09961,17160.55078,290600
2023-03-15T00:00:00.000,16972.15039,17211.34961,16938.90039,17166.44922,248200
2023-03-16T00:00:00.000,16985.59961,17062.44922,16850.15039,16994.65039,349800
2023-03-17T00:00:00.000,17100.05078,17145.80078,16958.15039,17111.80078,408100
2023-03-20T00:00:00.000,16988.40039,17066.59961,16828.34961,17066.59961,241800
2023-03-21T00:00:00.000,17107.5,17127.69922,17016,17060.40039,246700
2023-03-22T00:00:00.000,17151.90039,17207.25,17107.84961,17177.44922,0
2023-03-23T00:00:00.000,17076.90039,17205.40039,17045.30078,17097.40039,219200
2023-03-24T00:00:00.000,16945.05078,17109.44922,16917.34961,17076.19922,228000
2023-03-27T00:00:00.000,16985.69922,17091,16918.55078,16984.30078,218400
2023-03-28T00:00:00.000,16951.69922,17061.75,16913.75,17031.75,238800
2023-03-29T00:00:00.000,17080.69922,17126.15039,16940.59961,16977.30078,345900
2023-03-31T00:00:00.000,17359.75,17381.59961,17204.65039,17210.34961,263900
2023-04-03T00:00:00.000,17398.05078,17428.05078,17312.75,17427.94922,230200
2023-04-05T00:00:00.000,17557.05078,17570.55078,17402.69922,17422.30078,248300
2023-04-06T00:00:00.000,17599.15039,17638.69922,17502.84961,17533.84961,242700
2023-04-10T00:00:00.000,17624.05078,17694.09961,17597.94922,17634.90039,254800
2023-04-11T00:00:00.000,17722.30078,17748.75,17655.15039,17704.80078,304300
2023-04-12T00:00:00.000,17812.40039,17825.75,17717.25,17759.55078,232800
2023-04-13T00:00:00.000,17828,17842.15039,17729.65039,17807.30078,285800
2023-04-17T00:00:00.000,17706.84961,17863,17574.05078,17863,357400
2023-04-18T00:00:00.000,17660.15039,17766.59961,17610.19922,17766.59961,258900
2023-04-19T00:00:00.000,17618.75,17666.15039,17579.84961,17653.34961,281500
2023-04-20T00:00:00.000,17624.44922,17684.44922,17584.34961,17638.59961,215100
2023-04-21T00:00:00.000,17624.05078,17663.19922,17553.94922,17639.75,230200
2023-04-24T00:00:00.000,17743.40039,17754.5,17612.5,17707.55078,255700
2023-04-25T00:00:00.000,17769.25,17807.44922,17716.84961,17761.55078,297400
2023-04-26T00:00:00.000,17813.59961,17827.75,17711.19922,17767.30078,233000
2023-04-27T00:00:00.000,17915.05078,17931.59961,17797.90039,17813.09961,241400
2023-04-28T00:00:00.000,18065,18089.15039,17885.30078,17950.40039,290300
2023-05-02T00:00:00.000,18147.65039,18180.25,18101.75,18124.80078,265200
2023-05-03T00:00:00.000,18089.84961,18116.34961,18042.40039,18113.80078,226200
2023-05-04T00:00:00.000,18255.80078,18267.44922,18066.69922,18081,226600
2023-05-05T00:00:00.000,18069,18216.94922,18055.44922,18117.30078,239700
2023-05-08T00:00:00.000,18264.40039,18286.94922,18100.30078,18120.59961,228400
2023-05-09T00:00:00.000,18265.94922,18344.19922,18229.65039,18303.40039,245400
2023-05-10T00:00:00.000,18315.09961,18326.75,18211.94922,18313.59961,220500
2023-05-11T00:00:00.000,18297,18389.69922,18270.40039,18357.80078,248900
2023-05-12T00:00:00.000,18314.80078,18342.75,18194.55078,18273.75,241700
2023-05-15T00:00:00.000,18398.84961,18458.90039,18287.90039,18339.30078,216100
2023-05-16T00:00:00.000,18286.5,18432.34961,18264.34961,18432.34961,219500
2023-05-17T00:00:00.000,18181.75,18309,18115.34961,18300.44922,229900
2023-05-18T00:00:00.000,18129.94922,18297.19922,18104.84961,18287.5,272100
2023-05-19T00:00:00.000,18203.40039,18218.09961,18060.40039,18186.15039,260900
2023-05-22T00:00:00.000,18314.40039,18335.25,18178.84961,18201.09961,262600
2023-05-23T00:00:00.000,18348,18419.75,18324.19922,18362.90039,270400
2023-05-24T00:00:00.000,18285.40039,18392.59961,18262.94922,18294.80078,232600
2023-05-25T00:00:00.000,18321.15039,18338.09961,18202.40039,18268.90039,235900
2023-05-26T00:00:00.000,18499.34961,18508.55078,18333.15039,18368.34961,198700
2023-05-29T00:00:00.000,18598.65039,18641.19922,18581.25,18619.15039,265300
2023-05-30T00:00:00.000,18633.84961,18662.44922,18575.5,18606.65039,234400
2023-05-31T00:00:00.000,18534.40039,18603.90039,18483.84961,18594.19922,696500
2023-06-01T00:00:00.000,18487.75,18580.30078,18464.55078,18579.40039,265600
2023-06-02T00:00:00.000,18534.09961,18573.69922,18478.40039,18550.84961,270900
2023-06-05T00:00:00.000,18593.84961,18640.15039,18582.80078,18612,256100
2023-06-06T00:00:00.000,18599,18622.75,18531.59961,18600.80078,220800
2023-06-07T00:00:00.000,18726.40039,18738.94922,18636,18665.59961,260100
2023-06-08T00:00:00.000,18634.55078,18777.90039,18615.59961,18725.34961,286500
2023-06-09T00:00:00.000,18563.40039,18676.65039,18555.40039,18655.90039,221800
2023-06-12T00:00:00.000,18601.5,18633.59961,18559.75,18595.05078,179500
2023-06-13T00:00:00.000,18716.15039,18728.90039,18631.80078,18631.80078,233200
2023-06-14T00:00:00.000,18755.90039,18769.69922,18690,18744.59961,261400
2023-06-15T00:00:00.000,18688.09961,18794.09961,18669.05078,18774.44922,263000
2023-06-16T00:00:00.000,18826,18864.69922,18710.5,18723.30078,272800
2023-06-19T00:00:00.000,18755.44922,18881.44922,18719.15039,18873.30078,219800
2023-06-20T00:00:00.000,18816.69922,18839.69922,18660.65039,18752.34961,211600
2023-06-21T00:00:00.000,18856.84961,18875.90039,18794.84961,18849.40039,217500
2023-06-22T00:00:00.000,18771.25,18886.59961,18759.5,18853.59961,252700
2023-06-23T00:00:00.000,18665.5,18756.40039,18647.09961,18741.84961,210600
2023-06-26T00:00:00.000,18691.19922,18722.05078,18646.69922,18682.34961,171300
2023-06-27T00:00:00.000,18817.40039,18829.25,18714.25,18748.55078,222500
2023-06-28T00:00:00.000,18972.09961,19011.25,18861.34961,18908.15039,398800
2023-06-30T00:00:00.000,19189.05078,19201.69922,19024.59961,19076.84961,247900
2023-07-03T00:00:00.000,19322.55078,19345.09961,19234.40039,19246.5,226100
2023-07-04T00:00:00.000,19389,19434.15039,19300,19406.59961,226900
2023-07-05T00:00:00.000,19398.5,19421.59961,19339.59961,19405.94922,224400
2023-07-06T00:00:00.000,19497.30078,19512.19922,19373,19385.69922,268300
2023-07-07T00:00:00.000,19331.80078,19523.59961,19303.59961,19422.80078,237100
2023-07-10T00:00:00.000,19355.90039,19435.84961,19327.09961,19400.34961,268200
2023-07-11T00:00:00.000,19439.40039,19515.09961,19406.44922,19427.09961,251300
2023-07-12T00:00:00.000,19384.30078,19507.69922,19361.75,19497.44922,327900
2023-07-13T00:00:00.000,19413.75,19567,19385.80078,19495.19922,310400
2023-07-14T00:00:00.000,19564.5,19595.34961,19433.5,19493.44922,291200
2023-07-17T00:00:00.000,19711.44922,19731.84961,19562.94922,19612.15039,268700
2023-07-18T00:00:00.000,19749.25,19819.44922,19690.19922,19787.5,286400
2023-07-19T00:00:00.000,19833.15039,19851.69922,19727.44922,19802.94922,259700
2023-07-20T00:00:00.000,19979.15039,19991.84961,19758.40039,19831.69922,274700
2023-07-21T00:00:00.000,19745,19887.40039,19700,19800.44922,312500
2023-07-24T00:00:00.000,19672.34961,19782.75,19658.30078,19748.44922,265600
2023-07-25T00:00:00.000,19680.59961,19729.34961,19615.94922,19729.34961,369700
2023-07-26T00:00:00.000,19778.30078,19825.59961,19716.69922,19733.34961,244700
2023-07-27T00:00:00.000,19659.90039,19867.55078,19603.55078,19850.90039,334900
2023-07-28T00:00:00.000,19646.05078,19695.90039,19563.09961,19659.75,258700
2023-07-31T00:00:00.000,19753.80078,19772.75,19597.59961,19666.34961,295100
2023-08-01T00:00:00.000,19733.55078,19795.59961,19704.59961,19784,298000
2023-08-02T00:00:00.000,19526.55078,19678.25,19423.55078,19655.40039,290700
2023-08-03T00:00:00.000,19381.65039,19537.65039,19296.44922,19463.75,315700
2023-08-04T00:00:00.000,19517,19538.84961,19436.44922,19462.80078,280800
2023-08-07T00:00:00.000,19597.30078,19620.44922,19524.80078,19576.84961,216600
2023-08-08T00:00:00.000,19570.84961,19634.40039,19533.09961,19627.19922,260300
2023-08-09T00:00:00.000,19632.55078,19645.5,19467.5,19578.80078,266500
2023-08-10T00:00:00.000,19543.09961,19623.59961,19495.40039,19605.55078,312200
2023-08-11T00:00:00.000,19428.30078,19557.75,19412.75,19554.25,235500
2023-08-14T00:00:00.000,19434.55078,19465.84961,19257.90039,19383.94922,243900
2023-08-16T00:00:00.000,19465,19482.75,19317.19922,19369,0
2023-08-17T00:00:00.000,19365.25,19461.55078,19326.25,19450.55078,268700
2023-08-18T00:00:00.000,19310.15039,19373.80078,19253.59961,19301.75,256100
2023-08-21T00:00:00.000,19393.59961,19425.94922,19296.30078,19320.65039,262600
2023-08-22T00:00:00.000,19396.44922,19443.5,19381.30078,19417.09961,208700
2023-08-23T00:00:00.000,19444,19472.05078,19366.59961,19439.19922,225200
2023-08-24T00:00:00.000,19386.69922,19584.44922,19369,19535.15039,268300
2023-08-25T00:00:00.000,19265.80078,19339.55078,19229.69922,19297.40039,466500
2023-08-28T00:00:00.000,19306.05078,19366.84961,19249.69922,19298.34961,248200
2023-08-29T00:00:00.000,19342.65039,19377.90039,19309.09961,19374.84961,307400
2023-08-30T00:00:00.000,19347.44922,19452.80078,19334.75,19433.44922,233000
2023-08-31T00:00:00.000,19253.80078,19388.19922,19223.65039,19375.55078,562600
2023-09-01T00:00:00.000,19435.30078,19458.55078,19255.69922,19258.15039,333000
2023-09-04T00:00:00.000,19528.80078,19545.15039,19432.84961,19525.05078,296800
2023-09-05T00:00:00.000,19574.90039,19587.05078,19525.75,19564.65039,256800
2023-09-06T00:00:00.000,19611.05078,19636.44922,19491.5,19581.19922,287600
2023-09-07T00:00:00.000,19727.05078,19737,19550.05078,19598.65039,304900
2023-09-08T00:00:00.000,19819.94922,19867.15039,19727.05078,19774.80078,288100
2023-09-11T00:00:00.000,19996.34961,20008.15039,19865.34961,19890,248800
2023-09-12T00:00:00.000,19993.19922,20110.34961,19914.65039,20110.15039,328100
2023-09-13T00:00:00.000,20070,20096.90039,19944.09961,19989.5,251400
2023-09-14T00:00:00.000,20103.09961,20167.65039,20043.44922,20127.94922,275100
2023-09-15T00:00:00.000,20192.34961,20222.44922,20129.69922,20156.44922,438200
2023-09-18T00:00:00.000,20133.30078,20195.34961,20115.69922,20155.94922,264900
2023-09-20T00:00:00.000,19901.40039,20050.65039,19878.84961,19980.75,378100
2023-09-21T00:00:00.000,19742.34961,19848.75,19709.94922,19840.55078,275100
2023-09-22T00:00:00.000,19674.25,19798.65039,19657.5,19744.84961,246400
2023-09-25T00:00:00.000,19674.55078,19734.15039,19601.55078,19678.19922,188400
2023-09-26T00:00:00.000,19664.69922,19699.34961,19637.44922,19682.80078,204900
2023-09-27T00:00:00.000,19716.44922,19730.69922,19554,19637.05078,203600
2023-09-28T00:00:00.000,19523.55078,19766.65039,19492.09961,19761.80078,352800
2023-09-29T00:00:00.000,19638.30078,19726.25,19551.05078,19581.19922,243500
2023-10-03T00:00:00.000,19528.75,19623.19922,19479.65039,19622.40039,221700
2023-10-04T00:00:00.000,19436.09961,19457.80078,19333.59961,19446.30078,277100
2023-10-05T00:00:00.000,19545.75,19576.94922,19487.30078,19521.84961,234900
2023-10-06T00:00:00.000,19653.5,19675.75,19589.40039,19621.19922,159100
2023-10-09T00:00:00.000,19512.34961,19588.94922,19480.5,19539.44922,165100
2023-10-10T00:00:00.000,19689.84961,19717.80078,19565.44922,19565.59961,216600
2023-10-11T00:00:00.000,19811.34961,19839.19922,19756.94922,19767,213700
2023-10-12T00:00:00.000,19794,19843.30078,19772.65039,19822.69922,217900
2023-10-13T00:00:00.000,19751.05078,19805.40039,19635.30078,19654.55078,255000
2023-10-16T00:00:00.000,19731.75,19781.30078,19691.84961,19737.25,181000
2023-10-17T00:00:00.000,19811.5,19849.75,19775.65039,19843.19922,185800
2023-10-18T00:00:00.000,19671.09961,19840.94922,19659.94922,19820.44922,198900
2023-10-19T00:00:00.000,19624.69922,19681.80078,19512.34961,19545.19922,230300
2023-10-20T00:00:00.000,19542.65039,19593.80078,19518.69922,19542.15039,198300
2023-10-23T00:00:00.000,19281.75,19556.84961,19257.84961,19521.59961,176000
2023-10-25T00:00:00.000,19122.15039,19347.30078,19074.15039,19286.44922,225300
2023-10-26T00:00:00.000,18857.25,19041.69922,18837.84961,19027.25,300400
2023-10-27T00:00:00.000,19047.25,19076.15039,18926.65039,18928.75,205200
2023-10-30T00:00:00.000,19140.90039,19158.5,18940,19053.40039,180100
2023-10-31T00:00:00.000,19079.59961,19233.69922,19056.44922,19232.94922,206000
2023-11-01T00:00:00.000,18989.15039,19096.05078,18973.69922,19064.05078,194100
2023-11-02T00:00:00.000,19133.25,19175.25,19064.15039,19120,245600
2023-11-03T00:00:00.000,19230.59961,19276.25,19210.90039,19241,189500
2023-11-06T00:00:00.000,19411.75,19423,19309.69922,19345.84961,180700
2023-11-07T00:00:00.000,19406.69922,19423.5,19329.09961,19404.05078,198700
2023-11-08T00:00:00.000,19443.5,19464.40039,19401.5,19449.59961,195000
2023-11-09T00:00:00.000,19395.30078,19463.90039,19378.34961,19457.40039,208400
2023-11-10T00:00:00.000,19425.34961,19451.30078,19329.44922,19351.84961,152200
2023-11-13T00:00:00.000,19443.55078,19494.40039,19414.75,19486.75,189300
2023-11-15T00:00:00.000,19675.44922,19693.19922,19579.65039,19651.40039,291500
2023-11-16T00:00:00.000,19765.19922,19875.25,19627,19674.69922,282700
2023-11-17T00:00:00.000,19731.80078,19806,19667.44922,19674.75,236800
2023-11-20T00:00:00.000,19694,19756.44922,19670.5,19731.15039,173800
2023-11-21T00:00:00.000,19783.40039,19829.09961,19754.05078,19770.90039,195000
2023-11-22T00:00:00.000,19811.84961,19825.55078,19703.84961,19784,184500
2023-11-23T00:00:00.000,19802,19875.15039,19786.75,19828.44922,170000
2023-11-24T00:00:00.000,19794.69922,19832.84961,19768.84961,19809.59961,145900
2023-11-28T00:00:00.000,19889.69922,19916.84961,19800,19844.65039,229600
2023-11-29T00:00:00.000,20096.59961,20104.65039,19956.30078,19976.55078,236200
2023-11-30T00:00:00.000,20133.15039,20158.69922,20015.84961,20108.5,486600
2023-12-01T00:00:00.000,20267.90039,20291.55078,20183.69922,20194.09961,265800
2023-12-04T00:00:00.000,20686.80078,20702.65039,20507.75,20601.94922,381100
2023-12-05T00:00:00.000,20855.09961,20864.05078,20711.15039,20808.90039,421000
2023-12-06T00:00:00.000,20937.69922,20961.94922,20852.15039,20950.75,359200
2023-12-07T00:00:00.000,20901.15039,20941.25,20850.80078,20932.40039,275000
2023-12-08T00:00:00.000,20969.40039,21006.09961,20862.69922,20934.09961,292400
2023-12-11T00:00:00.000,20997.09961,21026.09961,20923.69922,20965.30078,212900
2023-12-12T00:00:00.000,20906.40039,21037.90039,20867.15039,21018.55078,244900
2023-12-13T00:00:00.000,20926.34961,20950,20769.5,20929.75,260300
2023-12-14T00:00:00.000,21182.69922,21210.90039,21074.44922,21110.40039,334400
2023-12-15T00:00:00.000,21456.65039,21492.30078,21235.30078,21287.44922,508800
2023-12-18T00:00:00.000,21418.65039,21482.80078,21365.34961,21434.80078,249700
2023-12-19T00:00:00.000,21453.09961,21505.05078,21337.75,21477.65039,249800
2023-12-20T00:00:00.000,21150.15039,21593,21087.34961,21543.5,363900
2023-12-21T00:00:00.000,21255.05078,21288.34961,20976.80078,21033.94922,277500
2023-12-22T00:00:00.000,21349.40039,21390.5,21232.44922,21295.84961,284700
2023-12-26T00:00:00.000,21441.34961,21477.15039,21329.44922,21365.19922,219500
2023-12-27T00:00:00.000,21654.75,21675.75,21495.80078,21497.65039,256500
2023-12-28T00:00:00.000,21778.69922,21801.44922,21678,21715,393100
2023-12-29T00:00:00.000,21731.40039,21770.30078,21676.90039,21737.65039,270900
2024-01-01T00:00:00.000,21741.90039,21834.34961,21680.84961,21727.75,154000
2024-01-02T00:00:00.000,21665.80078,21755.59961,21555.65039,21751.34961,263700
2024-01-03T00:00:00.000,21517.34961,21677,21500.34961,21661.09961,311900
2024-01-04T00:00:00.000,21658.59961,21685.65039,21564.55078,21605.80078,339200
2024-01-05T00:00:00.000,21710.80078,21749.59961,21629.19922,21705.75,309300
2024-01-08T00:00:00.000,21513,21763.94922,21492.90039,21747.59961,231500
2024-01-09T00:00:00.000,21544.84961,21724.44922,21517.84961,21653.59961,228600
2024-01-10T00:00:00.000,21618.69922,21641.84961,21448.65039,21529.30078,217000
2024-01-11T00:00:00.000,21647.19922,21726.5,21593.75,21688,212500
2024-01-12T00:00:00.000,21894.55078,21928.25,21715.15039,21773.55078,294700
2024-01-15T00:00:00.000,22097.44922,22115.55078,21963.55078,22053.15039,345500
2024-01-16T00:00:00.000,22032.30078,22124.15039,21969.80078,22080.5,292400
2024-01-17T00:00:00.000,21571.94922,21851.5,21550.44922,21647.25,456000
2024-01-18T00:00:00.000,21462.25,21539.40039,21285.55078,21414.19922,387300
2024-01-19T00:00:00.000,21622.40039,21670.59961,21575,21615.19922,343100
2024-01-23T00:00:00.000,21238.80078,21750.25,21192.59961,21716.69922,449700
2024-01-24T00:00:00.000,21453.94922,21482.34961,21137.19922,21185.25,407500
2024-01-25T00:00:00.000,21352.59961,21459,21247.05078,21454.59961,418100
2024-01-29T00:00:00.000,21737.59961,21763.25,21429.59961,21433.09961,376700
2024-01-30T00:00:00.000,21522.09961,21813.05078,21501.80078,21775.75,375100
2024-01-31T00:00:00.000,21725.69922,21741.34961,21448.84961,21487.25,410600
2024-02-01T00:00:00.000,21697.44922,21832.94922,21658.75,21780.65039,332500
2024-02-02T00:00:00.000,21853.80078,22126.80078,21805.55078,21812.75,442800
2024-02-05T00:00:00.000,21771.69922,21964.30078,21726.94922,21921.05078,440800
2024-02-06T00:00:00.000,21929.40039,21951.40039,21737.55078,21825.19922,371000
2024-02-07T00:00:00.000,21930.5,22053.30078,21860.15039,22045.05078,346300
2024-02-08T00:00:00.000,21717.94922,22011.05078,21665.30078,22009.65039,491100
2024-02-09T00:00:00.000,21782.5,21804.44922,21629.90039,21727,349200
2024-02-12T00:00:00.000,21616.05078,21831.69922,21574.75,21800.80078,287400
2024-02-13T00:00:00.000,21743.25,21766.80078,21543.34961,21664.30078,365800
2024-02-14T00:00:00.000,21840.05078,21870.84961,21530.19922,21578.15039,359100
2024-02-15T00:00:00.000,21910.75,21953.84961,21794.80078,21906.55078,345400
2024-02-16T00:00:00.000,22040.69922,22068.65039,21968.94922,22020.30078,343900
2024-02-19T00:00:00.000,22122.25,22186.65039,22021.05078,22103.44922,0
2024-02-20T00:00:00.000,22196.94922,22215.59961,22045.84961,22099.19922,295700
2024-02-21T00:00:00.000,22055.05078,22249.40039,21997.94922,22248.84961,364500
2024-02-22T00:00:00.000,22217.44922,22252.5,21875.25,22081.55078,343500
2024-02-23T00:00:00.000,22212.69922,22297.5,22186.09961,22290,226000
2024-02-26T00:00:00.000,22122.05078,22202.15039,22075.15039,22169.19922,207800
2024-02-27T00:00:00.000,22198.34961,22218.25,22085.65039,22090.19922,252200
2024-02-28T00:00:00.000,21951.15039,22229.15039,21915.84961,22214.09961,203000
2024-02-29T00:00:00.000,21982.80078,22060.55078,21860.65039,21935.19922,360200
2024-03-01T00:00:00.000,22338.75,22353.30078,22047.75,22048.30078,351500
2024-03-04T00:00:00.000,22405.59961,22440.90039,22358.30078,22403.5,298800
2024-03-05T00:00:00.000,22356.30078,22416.90039,22269.15039,22371.25,296200
2024-03-06T00:00:00.000,22474.05078,22497.19922,22224.34961,22327.5,312300
2024-03-07T00:00:00.000,22493.55078,22525.65039,22430,22505.30078,379900
2024-03-11T00:00:00.000,22332.65039,22526.59961,22307.25,22517.5,277900
2024-03-12T00:00:00.000,22335.69922,22452.55078,22256,22334.44922,299200
2024-03-13T00:00:00.000,21997.69922,22446.75,21905.65039,22432.19922,493300
2024-03-14T00:00:00.000,22146.65039,22204.59961,21917.5,21982.55078,426700
2024-03-15T00:00:00.000,22023.34961,22120.90039,21931.69922,22064.84961,661500
2024-03-18T00:00:00.000,22055.69922,22123.69922,21916.55078,21990.09961,356300
2024-03-19T00:00:00.000,21817.44922,21978.30078,21793.09961,21946.44922,344200
2024-03-20T00:00:00.000,21839.09961,21930.90039,21710.19922,21843.90039,312400
2024-03-21T00:00:00.000,22011.94922,22080.94922,21941.30078,21989.90039,353200
2024-03-22T00:00:00.000,22096.75,22180.69922,21883.30078,21932.19922,388700
2024-03-26T00:00:00.000,22004.69922,22073.19922,21947.55078,21947.90039,328400
2024-03-27T00:00:00.000,22123.65039,22193.59961,22052.84961,22053.94922,409100
2024-03-28T00:00:00.000,22326.90039,22516,22163.59961,22163.59961,410500
2024-04-01T00:00:00.000,22462,22529.94922,22427.75,22455,0
2024-04-02T00:00:00.000,22453.30078,22497.59961,22388.15039,22458.80078,289500
2024-04-03T00:00:00.000,22434.65039,22521.09961,22346.5,22385.69922,309600
2024-04-04T00:00:00.000,22514.65039,22619,22303.80078,22592.09961,401000
2024-04-05T00:00:00.000,22513.69922,22537.59961,22427.59961,22486.40039,242200
2024-04-08T00:00:00.000,22666.30078,22697.30078,22550.34961,22578.34961,227600
2024-04-09T00:00:00.000,22642.75,22768.40039,22612.25,22765.09961,232400
2024-04-10T00:00:00.000,22753.80078,22775.69922,22673.69922,22720.25,276800
2024-04-12T00:00:00.000,22519.40039,22726.44922,22503.75,22677.40039,357200
2024-04-15T00:00:00.000,22272.5,22427.44922,22259.55078,22339.05078,355500
2024-04-16T00:00:00.000,22147.90039,22213.75,22079.44922,22125.30078,317300
2024-04-18T00:00:00.000,21995.84961,22326.5,21961.69922,22212.34961,456900
2024-04-19T00:00:00.000,22147,22179.55078,21777.65039,21861.5,362500
2024-04-22T00:00:00.000,22336.40039,22375.65039,22198.15039,22336.90039,279300
2024-04-23T00:00:00.000,22368,22447.55078,22349.44922,22447.05078,231500
2024-04-24T00:00:00.000,22402.40039,22476.44922,22384,22421.55078,235900
2024-04-25T00:00:00.000,22570.34961,22625.94922,22305.25,22316.90039,475000
2024-04-26T00:00:00.000,22419.94922,22620.40039,22385.55078,22620.40039,329900
2024-04-29T00:00:00.000,22643.40039,22655.80078,22441.90039,22475.55078,292000
2024-04-30T00:00:00.000,22604.84961,22783.34961,22568.40039,22679.65039,361900
2024-05-02T00:00:00.000,22648.19922,22710.5,22567.84961,22567.84961,445900
2024-05-03T00:00:00.000,22475.84961,22794.69922,22348.05078,22766.34961,438100
2024-05-06T00:00:00.000,22442.69922,22588.80078,22409.44922,22561.59961,320300
2024-05-07T00:00:00.000,22302.5,22499.05078,22232.05078,22489.75,297800
2024-05-08T00:00:00.000,22302.5,22368.65039,22185.19922,22231.19922,277400
2024-05-09T00:00:00.000,21957.5,22307.75,21932.40039,22224.80078,331300
2024-05-10T00:00:00.000,22055.19922,22131.30078,21950.30078,21990.94922,265800
2024-05-13T00:00:00.000,22104.05078,22131.65039,21821.05078,22027.94922,278200
2024-05-14T00:00:00.000,22217.84961,22270.05078,22081.25,22112.90039,230200
2024-05-15T00:00:00.000,22200.55078,22297.55078,22151.75,22255.59961,231900
2024-05-16T00:00:00.000,22403.84961,22432.25,22054.55078,22319.19922,368900
2024-05-17T00:00:00.000,22466.09961,22502.15039,22345.65039,22415.25,242700
2024-05-21T00:00:00.000,22529.05078,22591.09961,22404.55078,22404.55078,347600
2024-05-22T00:00:00.000,22597.80078,22629.5,22483.15039,22576.59961,290300
2024-05-23T00:00:00.000,22967.65039,22993.59961,22577.44922,22614.09961,369800
2024-05-24T00:00:00.000,22957.09961,23026.40039,22908,22930.75,261900
2024-05-27T00:00:00.000,22932.44922,23110.80078,22871.19922,23038.94922,260000
2024-05-28T00:00:00.000,22888.15039,22998.55078,22858.5,22977.15039,217900
2024-05-29T00:00:00.000,22704.69922,22825.5,22685.44922,22762.75,269900
2024-05-30T00:00:00.000,22488.65039,22705.75,22417,22617.44922,373400
2024-05-31T00:00:00.000,22530.69922,22653.75,22465.09961,22568.09961,572100
2024-06-03T00:00:00.000,23263.90039,23338.69922,23062.30078,23337.90039,569400
2024-06-04T00:00:00.000,21884.5,23179.5,21281.44922,23179.5,1006100
2024-06-05T00:00:00.000,22620.34961,22670.40039,21791.94922,22128.34961,638500
2024-06-06T00:00:00.000,22821.40039,22910.15039,22642.59961,22798.59961,480400
2024-06-07T00:00:00.000,23290.15039,23320.19922,22789.05078,22821.84961,473600
2024-06-10T00:00:00.000,23259.19922,23411.90039,23227.15039,23319.15039,304400
2024-06-11T00:00:00.000,23264.84961,23389.44922,23206.65039,23283.75,305200
2024-06-12T00:00:00.000,23322.94922,23441.94922,23295.94922,23344.44922,295600
2024-06-13T00:00:00.000,23398.90039,23481.05078,23353.90039,23480.94922,268300
2024-06-14T00:00:00.000,23465.59961,23490.40039,23334.25,23464.94922,223100
2024-06-18T00:00:00.000,23557.90039,23579.05078,23499.69922,23570.80078,272200
2024-06-19T00:00:00.000,23516,23664,23412.90039,23629.84961,328800
2024-06-20T00:00:00.000,23567,23624,23442.59961,23586.15039,280300
2024-06-21T00:00:00.000,23501.09961,23667.09961,23398.19922,23661.15039,609900
2024-06-24T00:00:00.000,23537.84961,23558.09961,23350,23382.30078,239400
2024-06-25T00:00:00.000,23721.30078,23754.15039,23562.05078,23577.09961,298100
2024-06-26T00:00:00.000,23868.80078,23889.90039,23670.44922,23723.09961,287800
2024-06-27T00:00:00.000,24044.5,24087.44922,23805.40039,23881.55078,515200
2024-06-28T00:00:00.000,24010.59961,24174,23985.80078,24085.90039,354800
2024-07-01T00:00:00.000,24141.94922,24164,23992.69922,23992.94922,0
2024-07-02T00:00:00.000,24123.84961,24236.34961,24056.40039,24228.75,0
2024-07-03T00:00:00.000,24286.5,24309.15039,24207.09961,24291.75,0
2024-07-04T00:00:00.000,24302.15039,24401,24281,24369.94922,251200
2024-07-05T00:00:00.000,24323.84961,24363,24168.84961,24213.34961,298400
2024-07-08T00:00:00.000,24320.55078,24344.59961,24240.55078,24329.44922,266300
2024-07-09T00:00:00.000,24433.19922,24443.59961,24331.90039,24351,250500
2024-07-10T00:00:00.000,24324.44922,24461.05078,24141.80078,24459.84961,292300
2024-07-11T00:00:00.000,24315.94922,24402.65039,24193.75,24396.55078,306400
2024-07-12T00:00:00.000,24502.15039,24592.19922,24331.15039,24387.94922,325800
2024-07-15T00:00:00.000,24586.69922,24635.05078,24522.75,24587.59961,305400
2024-07-16T00:00:00.000,24613,24661.25,24587.65039,24615.90039,283200
2024-07-18T00:00:00.000,24800.84961,24837.75,24504.44922,24543.80078,350900
2024-07-19T00:00:00.000,24530.90039,24854.80078,24508.15039,24853.80078,343800
2024-07-22T00:00:00.000,24509.25,24595.19922,24362.30078,24445.75,324200
2024-07-23T00:00:00.000,24479.05078,24582.55078,24074.19922,24568.90039,436400
2024-07-24T00:00:00.000,24413.5,24504.25,24307.25,24444.94922,366600
2024-07-25T00:00:00.000,24406.09961,24426.15039,24210.80078,24230.94922,391800
2024-07-26T00:00:00.000,24834.84961,24861.15039,24410.90039,24423.34961,383800
2024-07-29T00:00:00.000,24836.09961,24999.75,24774.59961,24943.30078,355000
2024-07-30T00:00:00.000,24857.30078,24971.75,24798.65039,24839.40039,385000
2024-07-31T00:00:00.000,24951.15039,24984.59961,24856.5,24886.69922,333600
2024-08-01T00:00:00.000,25010.90039,25078.30078,24956.40039,25030.94922,431300
2024-08-02T00:00:00.000,24717.69922,24851.90039,24686.84961,24789,345000
2024-08-05T00:00:00.000,24055.59961,24350.05078,23893.69922,24302.84961,487000
2024-08-06T00:00:00.000,23992.55078,24382.59961,23960.40039,24189.84961,312300
2024-08-07T00:00:00.000,24297.5,24337.69922,24184.90039,24289.40039,317600
2024-08-08T00:00:00.000,24117,24340.5,24079.69922,24248.55078,311900
2024-08-09T00:00:00.000,24367.5,24419.75,24311.19922,24386.84961,215100
2024-08-12T00:00:00.000,24347,24472.80078,24212.09961,24320.05078,279900
2024-08-13T00:00:00.000,24139,24359.94922,24116.5,24342.34961,239700
2024-08-14T00:00:00.000,24143.75,24196.5,24099.69922,24184.40039,303300
2024-08-16T00:00:00.000,24541.15039,24563.90039,24204.5,24334.84961,271600
2024-08-19T00:00:00.000,24572.65039,24638.80078,24522.94922,24636.34961,243600
2024-08-20T00:00:00.000,24698.84961,24734.30078,24607.19922,24648.90039,238300
2024-08-21T00:00:00.000,24770.19922,24787.94922,24654.5,24680.55078,257100
2024-08-22T00:00:00.000,24811.5,24867.34961,24784.44922,24863.40039,220300
2024-08-23T00:00:00.000,24823.15039,24858.40039,24771.65039,24845.40039,206800
2024-08-26T00:00:00.000,25010.59961,25043.80078,24874.69922,24906.09961,210300
2024-08-27T00:00:00.000,25017.75,25073.09961,24973.65039,25024.80078,223300
2024-08-28T00:00:00.000,25052.34961,25129.59961,24964.65039,25030.80078,220400
2024-08-29T00:00:00.000,25151.94922,25192.90039,24998.5,25035.30078,354000
2024-08-30T00:00:00.000,25235.90039,25268.34961,25199.40039,25249.69922,638200
2024-09-02T00:00:00.000,25278.69922,25333.65039,25235.5,25333.59961,222800
2024-09-03T00:00:00.000,25279.84961,25321.69922,25235.80078,25313.40039,212100
2024-09-04T00:00:00.000,25198.69922,25216,25083.80078,25089.94922,253800
2024-09-05T00:00:00.000,25145.09961,25275.44922,25127.75,25250.5,222200
2024-09-06T00:00:00.000,24852.15039,25168.75,24801.30078,25093.69922,311700
2024-09-09T00:00:00.000,24936.40039,24957.5,24753.15039,24823.40039,254400
2024-09-10T00:00:00.000,25041.09961,25130.5,24896.80078,24999.40039,251300
2024-09-11T00:00:00.000,24918.44922,25113.69922,24885.15039,25034,279200
2024-09-12T00:00:00.000,25388.90039,25433.34961,24941.44922,25059.65039,380100
2024-09-13T00:00:00.000,25356.5,25430.5,25292.44922,25430.44922,250800
2024-09-16T00:00:00.000,25383.75,25445.69922,25336.19922,25406.65039,168700
2024-09-17T00:00:00.000,25418.55078,25441.65039,25352.25,25416.90039,216000
2024-09-18T00:00:00.000,25377.55078,25482.19922,25285.55078,25402.40039,215700
2024-09-19T00:00:00.000,25415.80078,25611.94922,25376.05078,25487.05078,314500
2024-09-20T00:00:00.000,25790.94922,25849.25,25426.59961,25525.94922,533100
2024-09-23T00:00:00.000,25939.05078,25956,25847.34961,25872.55078,209200
2024-09-24T00:00:00.000,25940.40039,26011.55078,25886.84961,25921.44922,384100
2024-09-25T00:00:00.000,26004.15039,26032.80078,25871.34961,25899.44922,278500
2024-09-26T00:00:00.000,26216.05078,26250.90039,25998.40039,26005.40039,370900
2024-09-27T00:00:00.000,26178.94922,26277.34961,26151.40039,26248.25,490300
2024-09-30T00:00:00.000,25810.84961,26134.69922,25794.09961,26061.30078,343100
2024-10-01T00:00:00.000,25796.90039,25907.59961,25739.19922,25788.44922,247400
2024-10-03T00:00:00.000,25250.09961,25639.44922,25230.30078,25452.84961,423400
2024-10-04T00:00:00.000,25014.59961,25485.05078,24966.80078,25181.90039,374900
2024-10-07T00:00:00.000,24795.75,25143,24694.34961,25084.09961,374300
2024-10-08T00:00:00.000,25013.15039,25044,24756.80078,24832.19922,333200
2024-10-09T00:00:00.000,24981.94922,25234.05078,24947.69922,25065.80078,290600
2024-10-10T00:00:00.000,24998.44922,25134.05078,24979.40039,25067.05078,261400
2024-10-11T00:00:00.000,24964.25,25028.65039,24920.05078,24985.30078,210500
2024-10-14T00:00:00.000,25127.94922,25159.75,25017.5,25023.44922,206400
2024-10-15T00:00:00.000,25057.34961,25212.05078,25008.15039,25186.30078,257200
2024-10-16T00:00:00.000,24971.30078,25093.40039,24908.44922,25008.55078,226800
2024-10-17T00:00:00.000,24749.84961,25029.5,24728.90039,25027.40039,252800
2024-10-18T00:00:00.000,24854.05078,24886.19922,24567.65039,24664.94922,290900
2024-10-21T00:00:00.000,24781.09961,24978.30078,24679.59961,24956.15039,242000
2024-10-22T00:00:00.000,24472.09961,24882,24445.80078,24798.65039,279500
2024-10-23T00:00:00.000,24435.5,24604.25,24378.09961,24378.15039,284600
2024-10-24T00:00:00.000,24399.40039,24480.65039,24341.19922,24412.69922,216700
2024-10-25T00:00:00.000,24180.80078,24440.25,24073.90039,24418.05078,372600
2024-10-28T00:00:00.000,24339.15039,24492.59961,24134.90039,24251.09961,278600
2024-10-29T00:00:00.000,24466.84961,24484.5,24140.84961,24328.84961,332000
2024-10-30T00:00:00.000,24340.84961,24498.19922,24307.30078,24371.44922,285200
2024-10-31T00:00:00.000,24205.34961,24372.44922,24172.59961,24349.84961,287000
2024-11-01T00:00:00.000,24304.34961,24368.25,24280.19922,24302.75,38800
2024-11-04T00:00:00.000,23995.34961,24316.75,23816.15039,24315.75,285500
2024-11-05T00:00:00.000,24213.30078,24229.05078,23842.75,23916.5,289500
2024-11-06T00:00:00.000,24484.05078,24537.59961,24204.05078,24308.75,351100
2024-11-07T00:00:00.000,24199.34961,24503.34961,24179.05078,24489.59961,322200
2024-11-08T00:00:00.000,24148.19922,24276.15039,24066.65039,24207.69922,298700
2024-11-11T00:00:00.000,24141.30078,24336.80078,24004.59961,24087.25,273400
2024-11-12T00:00:00.000,23883.44922,24242,23839.15039,24225.80078,255800
2024-11-13T00:00:00.000,23559.05078,23873.59961,23509.59961,23822.44922,304600
2024-11-14T00:00:00.000,23532.69922,23675.90039,23484.15039,23542.15039,257700
2024-11-18T00:00:00.000,23453.80078,23606.80078,23350.40039,23605.30078,263300
2024-11-19T00:00:00.000,23518.5,23780.65039,23464.80078,23529.55078,297500
2024-11-21T00:00:00.000,23349.90039,23507.30078,23263.15039,23488.44922,420300
2024-11-22T00:00:00.000,23907.25,23956.09961,23359,23411.80078,367600
2024-11-25T00:00:00.000,24221.90039,24351.55078,24135.44922,24253.55078,687200
2024-11-26T00:00:00.000,24194.5,24343.30078,24125.40039,24343.30078,230700
2024-11-27T00:00:00.000,24274.90039,24354.55078,24145.65039,24204.80078,295000
2024-11-28T00:00:00.000,23914.15039,24345.75,23873.34961,24274.15039,366700
2024-11-29T00:00:00.000,24131.09961,24188.44922,23927.15039,23927.15039,282100
2024-12-02T00:00:00.000,24276.05078,24301.69922,24008.65039,24140.84961,220400
2024-12-03T00:00:00.000,24457.15039,24481.34961,24280,24367.5,339500
2024-12-04T00:00:00.000,24467.44922,24573.19922,24366.30078,24488.75,348000
2024-12-05T00:00:00.000,24708.40039,24857.75,24295.55078,24539.15039,361500
2024-12-06T00:00:00.000,24677.80078,24751.05078,24620.5,24729.44922,226700
2024-12-09T00:00:00.000,24619,24705,24580.05078,24633.90039,248100
2024-12-10T00:00:00.000,24610.05078,24677.80078,24510.65039,24652.65039,261000
2024-12-11T00:00:00.000,24641.80078,24691.75,24583.84961,24620.5,187300
2024-12-12T00:00:00.000,24548.69922,24675.25,24527.94922,24604.44922,266100
2024-12-13T00:00:00.000,24768.30078,24792.30078,24180.80078,24498.34961,310100
2024-12-16T00:00:00.000,24668.25,24781.25,24601.75,24753.40039,187600
2024-12-17T00:00:00.000,24336,24624.09961,24303.44922,24584.80078,264900
2024-12-18T00:00:00.000,24198.84961,24394.44922,24149.84961,24297.94922,235300
2024-12-19T00:00:00.000,23951.69922,24004.90039,23870.30078,23877.15039,271100
2024-12-20T00:00:00.000,23587.5,24065.80078,23537.34961,23960.69922,442700
2024-12-23T00:00:00.000,23753.44922,23869.55078,23647.19922,23738.19922,189800
2024-12-24T00:00:00.000,23727.65039,23867.65039,23685.15039,23769.09961,177700
2024-12-26T00:00:00.000,23750.19922,23854.5,23653.59961,23775.80078,177700
2024-12-27T00:00:00.000,23813.40039,23938.84961,23800.59961,23801.40039,176800
2024-12-30T00:00:00.000,23644.90039,23915.34961,23599.30078,23796.90039,364900
2024-12-31T00:00:00.000,23644.80078,23689.84961,23460.44922,23560.59961,193600
2025-01-01T00:00:00.000,23742.90039,23822.80078,23562.80078,23637.65039,154900
2025-01-02T00:00:00.000,24188.65039,24226.69922,23751.55078,23783,283200
2025-01-03T00:00:00.000,24004.75,24196.44922,23976,24196.40039,312300
2025-01-06T00:00:00.000,23616.05078,24089.94922,23551.90039,24045.80078,278100
2025-01-07T00:00:00.000,23707.90039,23795.19922,23637.80078,23679.90039,262300
2025-01-08T00:00:00.000,23688.94922,23751.84961,23496.15039,23746.65039,266400
2025-01-09T00:00:00.000,23526.5,23689.5,23503.05078,23674.75,269200
2025-01-10T00:00:00.000,23431.5,23596.59961,23344.34961,23551.90039,261000
2025-01-13T00:00:00.000,23085.94922,23340.94922,23047.25,23195.40039,316500
2025-01-14T00:00:00.000,23176.05078,23264.94922,23134.15039,23165.90039,311200
2025-01-15T00:00:00.000,23213.19922,23293.65039,23146.44922,23250.44922,228000
2025-01-16T00:00:00.000,23311.80078,23391.65039,23272.05078,23377.25,299400
2025-01-17T00:00:00.000,23203.19922,23292.09961,23100.34961,23277.09961,272900
2025-01-20T00:00:00.000,23344.75,23391.09961,23170.65039,23290.40039,301500
2025-01-21T00:00:00.000,23024.65039,23426.30078,22976.84961,23421.65039,312900
2025-01-22T00:00:00.000,23155.34961,23169.55078,22981.30078,23099.15039,276000
2025-01-23T00:00:00.000,23205.34961,23270.80078,23090.65039,23128.30078,275600
