Price,Close,High,Low,Open,Volume
Ticker,POWERGRID.NS,POWERGRID.NS,POWERGRID.NS,POWERGRID.NS,POWERGRID.NS
Date,,,,,
2021-01-01,86.2077865600586,86.389760399815,85.75286430122364,85.98032543064112,3074621
2021-01-04,85.73011016845703,86.61721093277147,85.52539270891454,86.43523711527712,7133203
2021-01-05,85.52540588378906,86.20778929367967,84.70654826003165,86.20778929367967,10478882
2021-01-06,89.23301696777344,89.89265048510752,85.07047371539248,85.52539593573772,54265234
2021-01-07,89.64244842529297,91.80332903685549,88.93732143068365,90.07462701571656,40129922
2021-01-08,92.59944152832031,92.80415899860229,89.86990816604114,90.41581730660802,29487917
2021-01-11,92.59944152832031,93.25908122564883,91.64410361746708,92.80415899860229,12726089
2021-01-12,92.66768646240234,93.14535854334993,90.96172796675697,91.46214369286857,31454127
2021-01-13,93.25909423828125,93.98697113717337,92.16727580480384,92.71318502154254,23792586
2021-01-14,93.3045654296875,94.39638367475153,92.62218211166116,93.69125054395789,12024674
2021-01-15,92.34923553466797,93.60027164229005,92.12177442419123,92.78140794240727,13530190
2021-01-18,89.0510482788086,91.89431212292413,88.50513915262744,91.55312046163027,26118654
2021-01-19,90.82524871826172,90.98447273641405,88.82359209510061,88.96006629907245,19382828
2021-01-20,89.23301696777344,91.25741714614324,88.7780947474282,90.98446875015811,21158179
2021-01-21,88.77810668945312,89.93815603926701,88.32318440791381,89.36950318734289,12509109
2021-01-22,88.34591674804688,89.30125465107827,87.8000137822272,88.70985822887089,16720401
2021-01-25,86.52621459960938,89.52870204763113,86.25326007337529,88.4596337525423,9393599
2021-01-27,87.50431823730469,88.41416277582732,86.11680778416894,86.43524967048496,18874916
2021-01-28,85.20696258544922,86.86742762133184,84.52457918684446,86.86742762133184,16072463
2021-01-29,83.91041564941406,85.98030906501516,83.250776031549,85.84383488145261,13415015
2021-02-01,85.93482208251953,86.1850268100123,83.02331523382057,83.9104159408893,9485240
2021-02-02,88.34591674804688,89.00555643997458,86.07130563143762,86.89016316530594,10803602
2021-02-03,93.94146728515625,95.53369512590278,88.48240040259672,88.48240040259672,73411707
2021-02-04,93.4183120727539,94.46463704277627,92.89515267288195,93.94147764290432,23523019
2021-02-05,94.21442413330078,94.76032713254281,91.55312772987735,93.55478440098732,28755118
2021-02-08,96.69375610351562,97.08044128867431,93.5775371458654,93.94147868436474,28436890
2021-02-09,95.87489318847656,98.92287486892158,95.53370148560339,95.53370148560339,27738169
2021-02-10,95.7384033203125,97.35338092274922,94.16892534475168,95.78389677691084,34189378
2021-02-11,97.23966217041016,97.71732809698308,94.78308308894674,95.01054422927258,20504448
2021-02-12,96.73922729492188,99.62798443978834,95.78388946044075,99.62798443978834,25066544
2021-02-15,96.64824676513672,98.01301959749274,96.23881800056867,97.35337990937713,8599603
2021-02-16,102.60771942138672,104.58663829925705,97.0349227430326,97.08041619487047,80200957
2021-02-17,104.65489196777344,105.17805752220073,101.08375703190322,102.584998076901,39034960
2021-02-18,107.58912658691406,108.4079840910249,103.94974893259509,105.08705444956976,44291912
2021-02-19,105.63296508789062,107.4071666561574,104.06348098373999,106.22436149712794,36335681
2021-02-22,102.33478546142578,106.40634199441452,101.72063920082442,105.74670227556904,25800846
2021-02-23,102.85794830322266,104.22270890501083,102.19830856194612,102.69872427909266,18293559
2021-02-24,101.33394622802734,103.8132747227632,100.81078692435462,102.88068049682046,11421326
2021-02-25,103.51758575439453,105.90592138239553,100.44685441490094,101.76613386826777,30696079
2021-02-26,97.48985290527344,103.38109805870852,96.07959280446083,100.7652953219816,38070699
2021-03-01,103.38109588623047,104.08622283668032,98.90011092777262,98.94560438238038,31441940
2021-03-02,102.3802719116211,104.33643506761162,101.60690780891036,104.17721722047672,18223787
2021-03-03,103.49483489990234,104.7003837793325,101.76613284567762,104.63214050670226,19350542
2021-03-04,102.42576599121094,104.6093964498153,101.47042805121389,101.47042805121389,22865747
2021-03-05,100.19664764404297,102.81245051367682,99.78721886372104,102.81245051367682,17342685
2021-03-08,102.003662109375,103.74117581983293,100.54415184947237,100.93798954739152,15749448
2021-03-09,100.08081817626953,102.90717516248323,98.80664141304625,102.16583469790761,12585004
2021-03-10,99.68697357177734,101.44765783894141,99.1541373099762,101.00748520104791,10661165
2021-03-12,101.95732116699219,102.35115884178666,99.80280554941154,99.9418104087324,18173078
2021-03-15,103.85700225830078,104.94584535853417,101.8183209148651,102.39749210813714,30092241
2021-03-16,103.99600982666016,105.27018648507831,103.55583719453358,104.32034193270252,14767699
2021-03-17,102.1426773071289,104.2508583085995,101.63300531029985,104.22769397054803,12571132
2021-03-18,102.42066955566406,103.55584775358511,102.00366749999873,102.39750521873117,14232655
2021-03-19,106.66019439697266,107.5405270677427,101.54031728775801,102.81449391047877,70334403
2021-03-22,103.57899475097656,108.60620805195947,102.95349491439498,108.60620805195947,29180881
2021-03-23,101.4708251953125,103.78751012813606,101.23915670203014,103.57900597041791,38455903
2021-03-24,102.42066955566406,103.74118130227966,100.49782220468859,100.56732149989774,24398959
2021-03-25,100.26614379882812,103.50950257621489,99.77964249598405,102.42065944406737,20272124
2021-03-26,99.43214416503906,102.86083662438176,98.29696602901144,101.6329948612644,25184863
2021-03-30,102.55966186523438,103.64850497147786,99.80280445627852,100.4978098920412,53328751
2021-03-31,99.91865539550781,102.44384474792442,99.4553183608927,101.88783779262201,20694060
2021-04-01,101.33182525634766,101.6329930367003,99.50164167015784,100.38198067596169,11229344
2021-04-05,99.22364044189453,101.47082610373342,98.8529733630884,99.71014805278901,14484908
2021-04-06,96.93011474609375,101.47082078784472,96.60578264023212,99.71014282913931,25301732
2021-04-07,97.55562591552734,100.17348493782072,97.0922889253034,97.71779511898775,22841720
2021-04-08,96.83746337890625,98.92247999175643,96.60579486636735,98.20430383223945,20468881
2021-04-09,96.51311492919922,97.97262514981011,96.37411634986863,97.02278686076126,11773021
2021-04-12,93.20027160644531,95.74862538467679,91.97242967927052,95.74862538467679,18544315
2021-04-13,96.72161865234375,97.02278642916025,93.80259193969714,95.05360428574711,19831072
2021-04-15,96.28144836425781,97.94946277159879,95.93394562457885,96.32778331976368,10159348
2021-04-16,97.23129272460938,99.52480703036996,96.02661530638247,96.14244955266562,22020846
2021-04-19,93.22341918945312,95.91077737048802,92.66741859932888,95.37793483055545,18404990
2021-04-20,94.38176727294922,95.30844126318932,93.43192894671719,94.98410913725141,14467660
2021-04-22,94.26593780517578,94.93777899593856,93.22342951328143,94.52077693606293,11626459
2021-04-23,97.83363342285156,98.6444731893619,94.52077506227705,94.65977365134324,38318040
2021-04-26,99.98814392089844,100.28931798847775,96.46678158034001,96.46678158034001,19139358
2021-04-27,100.3819808959961,102.16582953117796,99.988143204944,100.10397745028814,15270611
2021-04-28,102.35115051269531,102.72182382297667,100.21979940290751,101.37814171426943,16383579
2021-04-29,102.003662109375,103.62534157246907,101.49399016409198,103.37050874203261,14761969
2021-04-30,101.95732116699219,102.99982933205473,100.38197675222406,100.89164866758104,16897105
2021-05-03,102.30482482910156,103.25466938109126,100.42831262850332,100.7758153533852,15528063
2021-05-04,101.03065490722656,102.72183997526943,100.405154988263,102.5828351054029,20857434
2021-05-05,101.10015106201172,102.09632425670087,100.45147429857725,101.03064549135114,23178237
2021-05-06,99.80281829833984,101.65616638408876,98.96881417351705,101.21599998436973,18823613
2021-05-07,99.40898132324219,100.45148962934131,98.92247996082683,100.24299173876786,12509591
2021-05-10,101.86466979980469,102.00366839143773,99.5943196685318,99.80281755598136,17845577
2021-05-11,103.5094985961914,104.34350887752554,101.19281384427926,101.93415422177307,22995780
2021-05-12,104.69100952148438,108.88420632581861,103.34732736440053,103.50949655071163,55645370
2021-05-14,106.03469848632812,106.56754109363659,103.71801964126061,105.52503278537144,18820793
2021-05-17,105.8261947631836,107.03086586505516,105.22385292783791,107.00770153017682,10996347
2021-05-18,108.00386047363281,111.13139737730272,105.8725155840767,106.98452926399571,52885042
2021-05-19,108.30504608154297,110.27422828052302,107.21620918728209,108.5135502399049,28081040
2021-05-20,106.08102416992188,108.86104591751355,105.82619135682317,108.42087329371432,10707136
2021-05-21,105.61767578125,106.22001124760837,104.71416629730342,105.6640044445014,21702883
2021-05-24,107.03086853027344,108.60621930470604,105.82619739840388,106.10419456150605,22028927
2021-05-25,107.91120910644531,108.6293788870523,107.10036941925237,107.95753777532852,9165363
2021-05-26,104.52885437011719,108.32821402766191,104.2276865747646,108.05021685312741,18322114
2021-05-27,105.77985382080078,106.38218937342316,103.44000461514086,105.03851968969937,51194207
2021-05-28,104.4593505859375,107.03086833070823,104.15817651912161,107.03086833070823,15307498
2021-05-31,104.55201721191406,104.99218987265176,103.67167817484886,104.71418641768112,13102261
2021-06-01,103.97283935546875,105.64085369483271,103.7411708717907,104.8531783365634,15733731
2021-06-02,105.38602447509766,105.71036287708583,103.83384432457144,103.8801792797712,7995532
2021-06-03,104.85317993164062,107.23937037735234,104.55201215515962,106.12735661125333,10291328
2021-06-04,104.78369140625,105.71037173466225,104.15818516966675,104.71419210983198,6142487
2021-06-07,109.46337890625,110.1815486605977,105.13117719334049,105.31651071532607,18058790
2021-06-08,108.44404602050781,110.71440231760866,107.51737203292711,110.71440231760866,22511761
2021-06-09,112.17391204833984,113.74925019005506,108.32820517888476,109.34754901694733,39865778
2021-06-10,111.96542358398438,114.90760870009112,111.3167467137646,114.90760870009112,32690784
2021-06-11,114.11992645263672,115.27826896003378,113.05425385959552,115.27826896003378,29142097
2021-06-14,115.23192596435547,115.74159157673235,112.1739071524561,114.88442325532966,18732629
2021-06-15,114.72227478027344,116.52928155317825,114.46742937321476,116.08910888595582,15026686
2021-06-16,112.19707489013672,114.67592259553724,111.6410680250618,114.3747611132021,30706682
2021-06-17,111.13141632080078,113.07742173914751,109.69506402532939,113.07742173914751,22261167
2021-06-18,107.95753479003906,113.51757820561335,106.6138526037476,113.0542412543155,49278209
2021-06-21,108.8147201538086,109.09271730846051,105.82619418161178,107.44787357766062,11719831
2021-06-22,108.44404602050781,109.81089266595342,107.51737203292711,107.51737203292711,10961545
2021-06-23,107.61003875732422,109.34755243256132,107.49420451230841,109.23171818754551,10721151
2021-06-24,107.10037231445312,107.93437635863296,105.68718448065907,107.61003796122417,12964208
2021-06-25,106.96136474609375,107.86487439453472,106.28953616254411,107.23937448267115,7736431
2021-06-28,107.42469787597656,107.72587193756883,106.89186789546238,107.49420344982704,9989595
2021-06-29,109.34754943847656,110.22789470401963,107.33203865791695,107.77219872186883,61089570
2021-06-30,107.67953491210938,110.08888951143301,107.49419510876952,109.88038537488039,17437744
2021-07-01,106.93819427490234,107.93437377838212,106.66019712309476,107.74903396463067,15924813
2021-07-02,105.61767578125,107.07717949948551,105.45550032223403,106.93818094091328,9549992
2021-07-05,106.70652770996094,106.9845374355848,105.8030180971181,106.24319073607434,6849185
2021-07-06,106.01152038574219,106.79919574126824,105.77985190287097,106.2895301064794,5343938
2021-07-07,107.00770568847656,107.23937418390213,106.01152613061849,106.01152613061849,7228897
2021-07-08,107.10037231445312,108.02704626772403,106.35902561054445,106.61385843392998,8740010
2021-07-09,106.68338775634766,107.23939476584484,106.56755348640336,107.05405490640489,2990856
2021-07-12,106.10420227050781,107.3783790701383,105.73353516983406,106.89187771495268,5578309
2021-07-13,105.94202423095703,107.44786932482897,105.77984875647928,106.75286389688807,8264289
2021-07-14,106.54436492919922,107.23937039089391,105.84935946750454,105.94202937616113,9228746
2021-07-15,106.75286865234375,107.2393699598104,106.24319044119122,107.03086580837618,5376823
2021-07-16,108.35135650634766,109.5792043452926,106.79918288547891,107.33202535947044,15903784
2021-07-19,108.02704620361328,108.722051668154,107.26253516509053,108.35137203200969,13725925
2021-07-20,107.16986083984375,109.48654562618117,107.00769793232789,108.83788142729831,14178067
2021-07-22,108.07337951660156,108.65255076193361,105.96519869735698,108.65255076193361,10378326
2021-07-23,107.95753479003906,108.39770740753588,107.51736217254226,108.30503750351247,6660369
2021-07-26,107.81852722167969,109.046375067691,107.51735320093934,108.1660299061563,12963701
2021-07-27,107.42469787597656,108.81472137124712,106.86870356045218,107.95754042531061,10832912
2021-07-28,105.68718719482422,107.67954630057861,105.36285507349616,107.49420647763674,13828088
2021-07-29,103.41681671142578,107.2161824708028,103.262371051035,105.64083170728891,28609665
2021-07-30,105.7334976196289,106.99994444565839,103.91103763904084,104.43615035075157,34142169
2021-08-02,105.64083862304688,106.258621305053,104.59060680675438,105.94972996404994,9575755
2021-08-03,107.77216339111328,108.2355003146672,105.70259431300282,106.5983865731648,20959435
2021-08-04,108.26639556884766,109.10039952594241,107.40149745567518,108.51351111101388,23323277
2021-08-05,108.23551940917969,108.57530490725698,107.03084822294322,108.26641357039423,6621382
2021-08-06,108.1119613647461,109.03863531930106,107.83396420590756,108.42085268293108,5340311
2021-08-09,109.00774383544922,109.3475293213204,107.52507552682648,109.3475293213204,16415005
2021-08-10,106.6292724609375,108.79151152473504,105.85704422386695,108.79151152473504,11925263
2021-08-11,108.94596862792969,109.34752986719475,106.59840208167756,106.84550508846812,31279965
2021-08-12,115.5253677368164,115.9578106099069,108.9150977120245,109.347540585115,58107755
2021-08-13,114.13534545898438,115.7106962560411,113.42489289229566,113.79555997136185,26776843
2021-08-16,111.63333892822266,113.8573669038157,111.4480116428048,113.6720270495755,21308655
2021-08-17,113.20867156982422,113.51756289743629,111.8186605955699,111.84955475585922,15962459
2021-08-18,111.571533203125,114.90756170177916,111.29353606524506,113.4866567177242,25227527
2021-08-20,110.33597564697266,111.231768005359,109.37842010792221,109.53286576604195,18720467
2021-08-23,108.5135269165039,111.13910322570769,107.61773451677742,110.89198764754795,13112745
2021-08-24,109.10041809082031,110.76843885766415,108.3899654995065,109.53287350540386,11029463
2021-08-25,108.42085266113281,109.6255237742841,108.14285550235019,109.47107811522267,12001351
2021-08-26,106.93817138671875,108.35907647184987,106.01149743610797,108.35907647184987,12115246
2021-08-27,107.71040344238281,108.01929477004597,106.1041710522984,107.37063052324551,8051699
2021-08-30,108.42085266113281,108.94596538817774,106.7528445707972,108.23551284273113,14512401
2021-08-31,108.32817840576172,109.3784163865355,108.0810628474138,108.42084831124461,43248333
2021-09-01,108.5135269165039,109.8417621513946,107.89574425551477,109.8417621513946,11817591
2021-09-02,108.5752944946289,108.79151589593255,107.61772641465915,108.35907309332525,13545023
2021-09-03,108.45175170898438,109.22398003910013,107.74129913151378,108.72974888029786,12286475
2021-09-06,107.55594635009766,108.94595717688507,106.87638801520983,108.54439597982714,13950485
2021-09-07,106.87639617919922,107.58684872536828,106.53661070139056,107.55595456599661,12485031
2021-09-08,108.66814422607422,109.13965773540687,107.00213366361893,107.6622512976224,25370295
2021-09-09,109.07679748535156,109.48544510610144,108.07090450470639,108.38524686057195,5078350
2021-09-13,109.3282699584961,109.57974639218216,108.57384065743788,109.54830704148787,7522483
2021-09-14,109.4540023803711,110.08268707272316,109.07679412308441,109.32827055814981,8434427
2021-09-15,111.843017578125,112.53456823260284,109.23397335427231,109.3911445389547,20064238
2021-09-16,112.81745147705078,114.20056533423372,112.09447438671548,112.50310916277577,16214883
2021-09-17,112.40880584716797,113.414698597598,111.11999736683492,112.8803192730527,21219226
2021-09-20,111.27719116210938,112.6602923766887,110.08268768190567,111.40292298502645,7833069
2021-09-21,110.58562469482422,112.15733620898995,110.30270894790176,110.67992994379838,9481007
2021-09-22,111.12000274658203,111.56007684913203,110.52275749446122,110.52275749446122,9165634
2021-09-23,112.06305694580078,112.37739932152533,111.27720100648942,111.27720100648942,10295913
2021-09-24,110.74280548095703,112.84889653504656,110.52276840795464,112.09448005886058,7093411
2021-09-27,110.64849853515625,111.37148844166377,110.08267979134072,110.96284086054023,5205649
2021-09-28,115.64654541015625,118.75854234849147,110.71137307492785,111.1828865997705,38873626
2021-09-29,122.62496185302734,123.41081776649041,114.7035240128207,115.36364809637911,53686662
2021-09-30,119.38722229003906,124.4795655972569,118.60136644662204,122.56207222307037,23618199
2021-10-01,120.61315155029297,121.65048381537021,119.2300503906049,119.95304032024191,16994903
2021-10-04,120.48743438720703,121.36759559161784,119.48154134957637,120.70747149065375,10757286
2021-10-05,119.41865539550781,122.65638420599122,119.04144712811491,120.48742707551469,17200858
2021-10-06,117.94124603271484,120.80176650657762,117.40686660095554,120.67602189340771,8929507
2021-10-07,118.38131713867188,120.42454212047154,117.94123023745004,120.07876046884161,6733699
2021-10-08,118.00411224365234,119.54439742219101,117.56403807299723,118.82140746415229,8165175
2021-10-11,121.61905670166016,122.65638907110332,119.01002528750969,119.4500994851529,12982042
2021-10-12,121.55618286132812,122.37347807866486,120.48742399923192,121.90196455880663,8539966
2021-10-13,125.3597183227539,128.5660073915083,122.05912400096702,122.65636928580363,33075614
2021-10-14,128.6603240966797,129.47760651759125,124.63673953099709,125.86266955767584,19185455
2021-10-18,128.12594604492188,131.99234668931925,127.08861373933748,131.89805421750302,38546365
2021-10-19,124.88821411132812,128.75462744746523,123.8508818322734,128.2516745877349,16174177
2021-10-20,122.18486022949219,125.89410225479921,121.55617557403751,125.73693109093553,21909934
2021-10-21,121.99626159667969,124.07091326982221,121.65047992251162,123.37936271210805,16946547
2021-10-22,122.24771118164062,123.85086197317612,120.23592564654788,123.15931149490177,7705870
2021-10-25,121.1160888671875,122.59349509611916,119.76441444005486,122.24771345524078,7862419
2021-10-26,119.70155334472656,121.30469143981725,119.26146643952072,121.08465438252495,8525850
2021-10-27,119.60726928710938,120.61316229197745,118.53851036767897,119.54440337254704,9862679
2021-10-28,116.87249755859375,120.14165314165797,116.46384991305473,119.89017668358596,11095238
2021-10-29,116.3381118774414,118.6013742981889,113.98054419111625,117.5011760445705,12988035
2021-11-01,118.03553771972656,118.50705118598378,116.02375204661092,116.05517860332192,5475153
2021-11-02,116.6209945678711,120.23593105717168,116.4009575136031,118.60135363752521,10946890
2021-11-03,115.64654541015625,117.75264938695176,115.04930006160475,116.62101181108024,13957727
2021-11-04,116.3381118774414,116.84105197615013,115.83515898810938,116.27523317330743,830214
2021-11-08,118.91571044921875,119.67012695321455,116.05519002287465,117.94124407348677,11947323
2021-11-09,117.28113555908203,119.67012973773838,116.49527968637476,119.67012973773838,10381150
2021-11-10,115.92945098876953,117.24968618392258,115.39507159913875,116.90390451324404,13857851
2021-11-11,114.5149154663086,116.46383538973981,113.60331501830427,116.30666422187242,8851354
2021-11-12,114.42060089111328,115.48935962934218,113.35184215288439,115.48935962934218,9590673
2021-11-15,118.38131713867188,118.66422009682645,114.42059898078101,114.54633078648945,24821341
2021-11-16,117.94124603271484,120.29881363514366,117.24969542746028,118.82140716241284,23206330
2021-11-17,120.11019897460938,121.83908163941175,117.56402120656111,117.56402120656111,18359498
2021-11-18,121.02182006835938,122.24775027228254,120.11023225422417,120.61317240351013,10742933
2021-11-22,122.09056091308594,123.8508831502523,120.70745972004285,122.21630552466792,25095721
2021-11-23,126.90001678466797,127.24579852038032,121.43046446578118,121.49333038392228,19671538
2021-11-24,127.81160736083984,130.42063868916296,126.99431211710423,127.12004394354514,18120478
2021-11-25,128.40884399414062,128.8803574971791,126.52278998198678,127.37151172933153,18537454
2021-11-26,126.99430084228516,128.8489154660598,126.23988436937191,128.2831095066859,12814537
2021-11-29,125.89411163330078,128.2516792668832,124.79391340429567,125.10825575543998,16066147
2021-11-30,129.98057556152344,131.70945867056426,125.92556393111379,125.92556393111379,37739647
2021-12-01,130.26345825195312,131.23792460478853,128.6917465800395,130.13772643444898,20332817
2021-12-02,134.85287475585938,135.79590185205421,129.823396909487,131.39510873647836,33758843
2021-12-03,129.5718994140625,136.07878276283842,129.1946911949752,134.00413116254748,47614182
2021-12-06,126.99430084228516,130.76640878809562,126.58565325669794,130.35776120250839,11322446
2021-12-07,129.38330078125,130.1062778666088,127.0885993447134,127.37150230936497,8049102
2021-12-08,128.75465393066406,130.5464030772318,127.96879791983389,128.97469105557147,8788449
2021-12-09,127.74873352050781,129.79195891701107,127.05718286750837,129.1947135327442,5755422
2021-12-10,127.40294647216797,128.40883935081868,126.89999363753167,128.40883935081868,6164402
2021-12-13,128.50314331054688,131.80373767918786,128.06305638702167,129.194693858233,21648126
2021-12-14,133.4383087158203,134.00412742397629,127.74870786869707,128.31452657685304,48042035
2021-12-15,131.92945861816406,135.57583435543916,130.6406628833805,133.97268353511873,15207306
2021-12-16,130.89215087890625,133.15542605656591,129.69766016812522,132.90394961564562,13410737
2021-12-17,131.99237060546875,132.33815236685788,128.91182527218456,130.8921721891172,15209414
2021-12-20,131.92945861816406,133.68978058594254,130.45205239018253,132.4952773071372,22539246
2021-12-21,129.88626098632812,133.12398986223565,128.75463616128295,132.9353793294164,17566511
2021-12-22,128.57846069335938,129.50348036144842,126.31373946584625,127.46205137989861,14750231
2021-12-23,132.91651916503906,133.71395450077736,128.89745286037257,129.18452438960205,15932489
2021-12-24,131.03456115722656,133.1397824021618,130.68368446019278,132.82080830634533,8975969
2021-12-27,131.48114013671875,132.2147832669495,130.77939961266415,131.0345815247998,8648187
2021-12-28,131.16213989257812,133.10788698396846,129.69486690316694,131.83199065626033,15736206
2021-12-29,130.524169921875,131.35350758796218,129.3120660172424,129.50345562605833,17172943
2021-12-30,131.00267028808594,134.86226238475066,128.64226695929136,130.52420910151213,87481206
2021-12-31,130.39663696289062,131.5449361317015,129.85438349602788,130.14145504345768,9842223
2022-01-03,130.77938842773438,132.0233822967524,130.23713502275447,131.03457031804552,7410054
2022-01-04,134.3518829345703,135.882961148968,131.09834984090574,131.60871357206793,14784090
2022-01-05,133.10789489746094,134.83034985063435,132.7251285722101,133.96912237404763,9565107
2022-01-06,131.3854217529297,133.13977923822978,130.55609691096842,132.5337336622162,5615931
2022-01-07,130.90695190429688,133.01218593811814,130.46039340213505,132.02336113878948,11908249
2022-01-10,130.1414337158203,132.21476538041057,129.7905570117154,132.21476538041057,11085710
2022-01-11,130.04574584960938,131.2897527023987,129.8224665619057,130.49231740410687,7208789
2022-01-12,130.7474822998047,131.8638916831178,130.364715964201,131.41733312142844,11018139
2022-01-13,132.69325256347656,134.9260717171889,131.7682326771468,132.43807063580533,20522807
2022-01-14,132.5337371826172,133.74584134592948,131.76820454215112,132.6613216296651,14183654
2022-01-17,131.64060974121094,133.68205178831326,131.28974601528753,133.42686991003927,7574539
2022-01-18,130.8750762939453,132.59753124847063,130.52419959105453,131.5768167206375,8475422
2022-01-19,130.55612182617188,132.31047964627192,128.25951054840465,131.41734943294816,13724367
2022-01-20,136.9355926513672,137.3821512288384,131.03457141673485,132.11907823578795,30170343
2022-01-21,137.22264099121094,139.87012834242682,135.88295250598364,136.45710842224906,29509593
2022-01-24,136.5209197998047,138.9132256374181,134.92604924139576,138.05199813169523,12850189
2022-01-25,139.6149444580078,140.47617183030843,135.21309980291954,136.20192458757924,27389035
2022-01-27,137.0631866455078,139.9020643055429,135.468315930575,139.07272634214138,28512473
2022-01-28,134.09671020507812,138.75373738718028,133.49066458973553,138.75373738718028,18932049
2022-01-31,137.41404724121094,138.27527473021792,134.73465696763532,135.24502072805626,19907759
2022-02-01,135.85105895996094,138.46665686622592,134.7984548522711,138.43475426577336,8622355
2022-02-02,136.5209197998047,138.9451282402222,136.042458632282,137.06317319384576,9921099
2022-02-03,134.79849243164062,137.15889615050062,134.60710273374713,136.52094779631224,4594389
2022-02-04,133.77774047851562,136.10625414584558,133.39497413107142,135.2450266193236,7329263
2022-02-07,136.2976531982422,136.71232217782625,133.969139370508,134.63899025899696,7869237
2022-02-08,134.00103759765625,137.4140582028484,133.01221260011982,136.52092804041075,9074237
2022-02-09,133.55445861816406,135.02174473070835,133.13978967513287,134.3518939012664,9833985
2022-02-10,135.27691650390625,137.60541697321605,134.00102014632765,134.00102014632765,19180334
2022-02-11,132.5656280517578,135.24500503535123,132.08716694903842,134.09669319718944,20071130
2022-02-14,128.7698516845703,132.02338516420423,128.38708533033522,132.02338516420423,12109375
2022-02-15,129.79054260253906,130.0457244518227,126.95167859936436,128.8655230003598,19046061
2022-02-16,128.7086944580078,131.7903541189349,128.3152797440941,130.2167352824087,20270061
2022-02-17,129.1676788330078,130.38067213380188,128.51200533639354,129.98727070377564,16405551
2022-02-18,128.31529235839844,131.2330472949769,128.0202446336674,129.03654384500467,14600643
2022-02-21,129.9217071533203,130.47902696235286,128.21695871522184,128.3152990688011,10682638
2022-02-22,129.9217071533203,130.1184012001904,125.75818308150915,127.33178881531602,13606058
2022-02-23,129.8561553955078,130.80687673261662,129.56109428626817,130.05284946195468,6493463
2022-02-24,125.2991943359375,128.511996927056,124.51239152737035,127.20065001963707,13145037
2022-02-25,129.36439514160156,129.75779659876517,125.98767373316522,126.24994581784509,10920938
2022-02-28,137.13409423828125,137.85533231013076,128.54477536870726,129.46270745667422,31938385
2022-03-02,138.2815399169922,139.75680525037464,135.1998665500999,136.2161657823145,20502615
2022-03-03,142.83847045898438,143.82198071691593,138.15040222823495,138.15040222823495,19805555
2022-03-04,141.00259399414062,142.60898876154693,138.31432192502714,141.59268948276386,12794317
2022-03-07,139.52732849121094,141.10093424600538,136.93741011866425,138.01927407986923,17635653
2022-03-08,139.23226928710938,146.4774670181122,137.56030981514004,140.31413326292005,28410490
2022-03-09,136.4456329345703,141.62545550284787,135.46212282691164,141.06813577644985,22830958
2022-03-10,136.93740844726562,138.609381215967,135.75720414557486,138.34710914679854,16516553
2022-03-11,139.29782104492188,139.65844678329822,136.21616112314652,137.2324603205994,12992850
2022-03-14,139.92071533203125,140.31411672968642,137.42915091403117,139.29781755767607,12598659
2022-03-15,137.46192932128906,141.00256830656016,136.5767729098986,139.7895618594114,14528285
2022-03-16,137.26524353027344,138.87165159708394,137.002971464293,138.51102583889693,11933774
2022-03-17,138.7077178955078,139.4945206667926,136.21615355358946,139.0027655998121,28464621
2022-03-21,134.3474884033203,141.62546080449835,134.08521636351813,141.62546080449835,17797415
2022-03-22,136.83905029296875,137.36359441420578,133.7901792748758,134.41306374659754,13285297
2022-03-23,137.75698852539062,138.08482524883976,136.57678432479995,137.36358712519373,9408783
2022-03-24,138.18316650390625,138.47821419258605,136.3800646871293,137.6914114629671,11188958
2022-03-25,137.46192932128906,138.21595639014365,135.52768481077436,138.183167384655,9842670
2022-03-28,139.1995086669922,139.4945564469759,136.05227009517037,137.46197098337626,12823578
2022-03-29,138.5438232421875,140.60918420508338,137.49473491471454,140.21578275213713,10470515
2022-03-30,142.34669494628906,143.39576973658188,138.87163386971218,139.72400130070213,54218485
2022-03-31,142.15000915527344,142.4450568715974,140.80587324821883,141.33041734358414,10326026
2022-04-01,147.559326171875,148.01829228493597,141.69104035653018,141.69104035653018,39663961
2022-04-04,149.1001739501953,149.55914011781746,146.9036701370669,148.18222827523795,9907530
2022-04-05,152.80471801757812,153.8210039620738,148.77232323209697,150.7721194491631,17167487
2022-04-06,155.16513061523438,156.34533486708125,151.55892650067656,151.690055859867,17153675
2022-04-07,151.6900634765625,157.2960773083863,150.8049069083039,154.70615894678625,11913911
2022-04-08,152.5096435546875,153.49315374098992,151.1982966396176,152.7719156056436,6746769
2022-04-11,151.39500427246094,154.44388852317056,149.75582062581177,152.4440791383743,12413822
2022-04-12,152.8374786376953,153.19810437134055,149.88694811055944,150.31313852131007,14769907
2022-04-13,150.47705078125,154.31273764302614,149.19849294056127,154.05046560553077,11015439
2022-04-18,151.52613830566406,151.98511774472016,149.19850545939852,150.47706340736755,19069923
2022-04-19,149.39520263671875,153.00140684639896,148.5100460895577,152.57521640822176,15036942
2022-04-20,148.83787536621094,150.149222285737,146.51022924816786,149.65746719091473,9814641
2022-04-21,149.00180053710938,149.91974609064877,147.69045355768486,148.24777335599802,11134333
2022-04-22,147.82156372070312,150.93601239233226,147.329808667288,147.55930503064937,12032249
2022-04-25,146.11685180664062,148.7723350901231,145.23169515871743,146.83809006273682,11042683
2022-04-26,151.8539581298828,152.24735950545858,147.1003259373775,148.83786313085585,15389155
2022-04-27,150.34593200683594,152.67356482150865,149.13292541556763,151.69005461650897,12680209
2022-04-28,154.4766845703125,154.90287504260502,150.8377043985359,153.03420810685893,18378146
2022-04-29,149.32965087890625,154.96844073591916,148.87068473020184,154.14884879915238,9026331
2022-05-02,151.82119750976562,152.9358370743157,148.116639731556,148.116639731556,12634353
2022-05-04,155.78799438476562,157.00098748512139,152.70633479578515,152.77189946667022,23124643
2022-05-05,153.263671875,157.78782143465338,152.6735630907477,156.31255614387797,16481935
2022-05-06,156.3125457763672,156.8043008406764,151.75560750994245,151.75560750994245,17715186
2022-05-09,160.7383575439453,161.5907250707684,154.50945943535046,156.7059629425443,54118806
2022-05-10,159.75482177734375,162.83648132885673,159.0007947220602,161.16452221292445,30997494
2022-05-11,156.83709716796875,162.60702935182124,156.5092604152433,159.98433533001767,15412618
2022-05-12,154.67335510253906,158.60739543576324,152.21457989427395,156.70593994009636,26538994
2022-05-13,154.93563842773438,157.26327112418784,152.8374754264731,157.26327112418784,15074553
2022-05-16,154.21438598632812,155.98471225788367,152.77190977072888,154.4110933519599,7960529
2022-05-17,156.47647094726562,156.9026613561738,152.6079949382466,154.01769551861503,15470937
2022-05-18,149.42800903320312,156.21422780396367,148.9034648421525,155.72247262724605,19181550
2022-05-19,149.6902618408203,150.57541837691517,145.33003050113993,146.21518703723476,15085602
2022-05-20,150.1820068359375,152.83747626531462,148.67395258737002,151.29664634855848,15148281
2022-05-23,147.26425170898438,152.116237824786,147.00197966548234,152.116237824786,11572501
2022-05-24,148.83787536621094,150.57541270252514,147.2642563948375,147.52652844668484,16336858
2022-05-25,147.4281768798828,150.41149650059083,145.9201359045677,149.75582303139882,11062614
2022-05-26,148.96902465820312,150.2148070664131,146.8053099552503,148.8378952845863,14150454
2022-05-27,147.32981872558594,149.91973685421334,146.47745124530047,149.8869478458633,8430491
2022-05-30,149.65745544433594,150.73931923597186,147.0675508174372,147.19868016321323,9305758
2022-05-31,152.70635986328125,154.18162522905848,149.6246864287198,149.6574754393994,26351545
2022-06-01,150.28036499023438,152.77192969452773,149.59191580015911,152.21460987216818,10282009
2022-06-02,147.8871612548828,150.41150152769933,147.23148776377664,150.41150152769933,10071898
2022-06-03,148.18218994140625,149.55910142778714,147.52651653458588,148.18218994140625,16082518
2022-06-06,147.39540100097656,149.13292502009975,146.5758091656502,148.1822038270055,12693293
2022-06-07,147.5265350341797,148.3461268954807,146.67415416254215,146.83807253480234,9103195
2022-06-08,147.23147583007812,148.51003369821842,146.2479656731363,146.2479656731363,11240130
2022-06-09,147.4281768798828,147.98549666075385,144.9038366914357,147.32982319156184,9468041
2022-06-10,147.16590881347656,149.13292927437246,145.59230311652883,145.59230311652883,9019239
2022-06-13,145.7889862060547,147.85436020277157,145.23166645194638,145.46114948720154,10186775
2022-06-14,146.83807373046875,149.03459060841016,145.55951575231273,145.78899880740337,17023962
2022-06-15,145.7234344482422,148.3789174422387,145.49395139264394,147.03478143990242,5898563
2022-06-16,141.85498046875,147.06759358437247,141.39601428535792,146.44469566152492,11883333
2022-06-17,138.57659912109375,142.21559258060842,137.85536089966814,140.44526603015038,19675226
2022-06-20,136.5440216064453,138.28155924320941,135.29823914953636,137.1013414756719,7402273
2022-06-21,137.9208984375,139.756789312225,135.92110255080237,137.0685310125781,9459619
2022-06-22,138.1176300048828,138.5110314499343,136.51122187299723,138.21598370107367,10257637
2022-06-23,136.74070739746094,138.80606815457722,135.16708840274924,137.75699327133972,13114525
2022-06-24,137.0029754638672,139.00278501817374,136.2161725826679,139.00278501817374,9499105
2022-06-27,138.7077178955078,139.88792205243496,137.46193572454865,139.88792205243496,17545390
2022-06-28,137.88812255859375,138.70771431574252,136.60955141361592,137.3963675043045,6770087
2022-06-29,138.41265869140625,140.96978774163844,136.67512143036961,137.10131182869333,41502918
2022-06-30,138.93719482421875,140.80586132874214,137.95368473344757,138.6749227987379,22260722
2022-07-01,135.39657592773438,139.59288893919964,134.54419505332174,138.3798956484673,11133663
2022-07-04,138.15040588378906,139.1011404954403,134.44586115265804,134.44586115265804,20178279
2022-07-05,140.41246032714844,141.5926644353311,138.31429745753033,138.34708646319208,20083997
2022-07-06,137.98648071289062,140.4124806310936,136.51121535955374,140.31412693959552,19203527
2022-07-07,139.36337280273438,141.16647447544122,139.0683117979211,139.82233880172194,14069302
2022-07-08,143.46136474609375,143.85476617159813,139.4289701203234,140.31412666263608,17142257
2022-07-11,142.3139190673828,145.0677420552598,141.7565859967587,144.24815029223575,10826079
2022-07-12,139.98629760742188,142.24836593310897,139.7568145415816,141.03537257962876,8503695
2022-07-13,140.60916137695312,142.08442659077397,139.9534879485883,140.64195038425538,10210005
2022-07-14,140.87144470214844,143.75641068602457,139.5600977403603,143.75641068602457,10898403
2022-07-15,137.2324676513672,142.2811482200656,136.90463090431635,142.2811482200656,22067479
2022-07-18,137.8553466796875,139.26504730416394,136.97019016561978,137.9209113585609,15155654
2022-07-19,137.69143676757812,138.67494703020367,137.42916469626897,137.62587208467875,14922395
2022-07-20,137.1996612548828,139.19947049436234,136.70790619662156,138.54379708334739,14181034
2022-07-21,139.1995086669922,139.7896042269596,137.33082826138423,137.6586650567943,12461554
2022-07-22,137.69143676757812,140.28134178994074,137.3636000133696,140.28134178994074,9272199
2022-07-25,136.31451416015625,138.34709920566223,135.98667743218076,137.69142574971124,6635194
2022-07-26,137.10133361816406,138.34711600367515,135.78998654703918,136.31453071137403,11451315
2022-07-27,138.1176300048828,138.3471130695202,137.2980381028122,137.62587486364043,9209354
2022-07-28,140.4452362060547,140.8386509157548,137.72420228212172,138.34708667296456,13192642
2022-07-29,140.28134155273438,142.8056952276408,139.56010336263753,141.8877496494668,15433067
2022-08-01,143.55970764160156,144.3465238462642,140.41248284208555,141.00259166065467,12136557
2022-08-02,145.95294189453125,146.47748611473827,142.51065546617102,144.21540417227337,17748747
2022-08-03,146.6085968017578,147.36262401974562,144.01869172661702,146.44467842131314,12406038
2022-08-04,144.772705078125,147.00198416688008,143.65805219403677,146.87085481096884,9712267
2022-08-05,146.641357421875,147.36259548824714,143.4941197908029,145.36278629812912,14099223
2022-08-08,145.4939422607422,148.37890812926258,144.96939816111643,147.5265273022984,8392041
2022-08-10,146.5430145263672,147.46096001460864,144.60878320519188,144.73991255792194,8585266
2022-08-11,146.11685180664062,148.7723350901231,145.36282453629389,147.29706956368014,5040626
2022-08-12,149.52635192871094,149.88696436174436,145.5595217873598,146.2151953089245,13279062
2022-08-16,150.05088806152344,150.7721262928705,148.87068368469525,150.280371134264,11298246
2022-08-17,149.82138061523438,151.42777520279589,149.29683652883742,150.0508636506417,11225465
2022-08-18,151.6900634765625,151.9195465365241,149.32964151463574,149.46077088041045,11360485
2022-08-19,151.06106567382812,152.0873326193087,149.43888093437013,151.2596914677654,9829530
2022-08-22,149.60438537597656,152.81564330991762,149.4057596136229,151.02793062441646,9190493
2022-08-23,150.6637725830078,151.5245111380323,148.44568393298775,148.9422685315201,8903751
2022-08-24,151.9217987060547,152.25285515428817,149.9685710497657,150.53136431761834,13007225
2022-08-25,149.83615112304688,152.94807629133538,149.04160757936052,152.61701984914635,12124365
2022-08-26,152.5839080810547,153.08049274194428,150.0347761826323,150.0347761826323,7966045
2022-08-29,150.3327178955078,151.55762389168922,149.37264624498332,151.1272478739175,7517013
2022-08-30,152.0211181640625,152.4514942404273,151.02794882047667,151.0941574159048,7214498
2022-09-01,149.70372009277344,152.35217162372288,148.97539861590656,149.00850964833185,13109081
2022-09-02,148.44570922851562,151.52453695820026,148.1808748407454,150.6306872226716,6897237
2022-09-05,147.91600036621094,149.3395455625703,146.79040053784155,148.97537813883213,18055474
2022-09-06,149.00851440429688,150.96174208242562,148.31329046694447,148.31329046694447,14103701
2022-09-07,148.57814025878906,150.266520103227,147.68429052106055,147.68429052106055,7866745
2022-09-08,148.57814025878906,150.2334225400351,147.94912490948255,149.63751822464218,7187735
2022-09-09,147.5849609375,149.73682775800654,147.32011309621657,149.67061916536588,9162027
2022-09-12,148.28016662597656,148.77675126098748,147.1214691442844,148.01533226388034,8778919
2022-09-13,150.16720581054688,150.63067943590744,148.1808671806228,148.51192361894348,11278383
2022-09-14,153.97434997558594,154.40471255519847,148.77675328195818,148.975392526949,25072958
2022-09-15,157.3179931640625,157.74836916337395,153.84190108386224,154.57022244461757,23606369
2022-09-16,156.02688598632812,157.88079376732992,154.5371321674976,157.8476962093432,29399642
2022-09-19,154.37161254882812,157.64906574420152,153.3784432810519,156.22552043291154,13920046
2022-09-20,154.0736541748047,156.42416017095263,153.67638916057808,154.93440626456263,20162973
2022-09-21,150.3327178955078,155.16613329381914,148.51190768015942,154.83507689102854,14468837
2022-09-22,145.7310333251953,149.9023496036326,145.1020315157625,148.3132760941936,26264530
2022-09-23,134.1109619140625,145.4992974403304,131.1645516764109,144.53923920500768,87162722
2022-09-26,132.98536682128906,138.6133261983425,123.38473023690379,132.4225735777279,167547134
2022-09-27,135.63381958007812,137.65326923459241,133.25021592720157,136.2628348929745,54127095
2022-09-28,137.52084350585938,139.30855641262636,134.1109728582436,135.86556126110554,52877873
2022-09-29,137.719482421875,140.43414260239268,136.42836766245847,138.34848428503253,36761869
2022-09-30,140.50035095214844,144.80408477030508,137.05736928591165,137.05736928591165,62897614
2022-10-03,139.57339477539062,142.12252656483452,138.38158625191846,141.0300376634384,11740863
2022-10-04,138.01744079589844,140.59968402790975,137.71949535289517,140.4341557883029,19179333
2022-10-06,136.59388732910156,139.63960376693873,136.13040024832426,138.28226702635453,20692745
2022-10-07,138.6464385986328,138.8781754105372,135.07102638259636,135.07102638259636,14282850
2022-10-10,138.34848022460938,140.33481885508888,137.42153297362904,137.68636734778286,16834226
2022-10-11,137.9512176513672,140.00376491196778,136.75942253427064,139.0437066117466,17807162
2022-10-12,142.71841430664062,142.98324864056116,138.61330701152642,139.34162837124572,35288330
2022-10-13,141.65904235839844,143.87713123710824,141.19556874027083,142.32115522470684,16436903
2022-10-14,140.79830932617188,144.34061060795685,140.0699878383494,144.34061060795685,23365190
2022-10-17,140.26858520507812,142.32113206244532,139.7057920544527,140.3347937867896,9520537
2022-10-18,140.59967041015625,142.35427227419171,140.0699881771502,140.99693545259115,13256574
2022-10-19,141.62596130371094,143.61230013413964,140.9969459249751,141.03005696043786,11595367
2022-10-20,144.00955200195312,144.34060844333692,140.59966796155575,140.73209862054193,16371066
2022-10-21,143.87713623046875,144.93651415918455,141.69215830753143,142.58600801392535,11634491
2022-10-24,144.9033966064453,145.83035730388315,144.73786839157145,145.53241190539842,1132859
2022-10-25,144.67164611816406,145.26755032949944,141.85766673142632,144.903382902928,20622687
2022-10-27,148.24708557128906,148.87608745737856,143.9102405543925,145.20136883160197,24298489
2022-10-28,150.16720581054688,151.62384875086946,147.78358867806125,148.1808671806228,11669879
2022-10-31,151.06106567382812,152.45150011427648,150.10099385560477,150.92863500714807,11755682
2022-11-01,155.69583129882812,156.19241591058025,152.1535304291402,152.71632362831534,15220278
2022-11-02,154.470947265625,156.6228142227675,154.17298837374153,155.69585345477716,12884449
2022-11-03,150.99485778808594,154.6695764358386,150.10099456362536,154.2723113753683,9358215
2022-11-04,149.73683166503906,151.92179610351707,148.97539915300172,150.9617378083751,8059667
2022-11-07,150.96173095703125,153.5439737859667,149.90235308305586,150.4982573467672,14862038
2022-11-09,144.83718872070312,152.9480712890625,144.37371510508515,152.9480712890625,22831150
2022-11-10,142.2880401611328,145.76413228166186,141.36107956818125,143.01636153033795,16217631
2022-11-11,141.72525024414062,144.24127080199042,141.3941938441036,143.0163648159973,12123886
2022-11-14,143.2845458984375,144.8777235957059,142.53880461385555,143.01336348779577,18460862
2022-11-15,146.43699645996094,146.77597098880344,142.13202270224292,142.36930211385092,15258103
2022-11-16,147.1827392578125,147.42001867198857,144.7082224118984,146.40309507445477,9825807
2022-11-17,147.9962921142578,149.45387162589327,146.6064909602454,147.047160628072,9449665
2022-11-18,148.03018188476562,148.33526725274638,147.0132582439824,148.03018188476562,5828998
2022-11-21,148.5047149658203,148.80978645962298,146.77593971985593,147.4538886331116,4712051
2022-11-22,147.65731811523438,148.60643581202376,147.0471611723629,148.13187696362905,4366445
2022-11-23,145.86074829101562,148.33526520806083,145.2505913563743,147.96238769441626,13510578
2022-11-24,149.65725708007812,149.8267443474395,145.82684207912965,146.03023231712692,7622243
2022-11-25,149.55555725097656,149.75894748256826,146.84376105860017,149.6572523667724,10989671
2022-11-28,150.03012084960938,150.64026392192204,148.57252772516807,148.57252772516807,4526153
2022-11-29,148.7081298828125,150.6741849990878,148.1657788874704,150.0301388818348,6476054
2022-11-30,151.86061096191406,152.5046571430257,147.55563657938842,148.70814462756002,17317951
2022-12-01,150.43690490722656,152.43684919330073,149.48777342846395,151.86059522891574,13241961
2022-12-02,149.01319885253906,150.1657066596258,148.1657625847082,148.1657625847082,12880949
2022-12-05,150.43690490722656,150.67418432868985,147.25053592801703,148.94540864262547,16477957
2022-12-06,151.52163696289062,151.96230667460875,148.74204817092314,150.19964162064724,11299945
2022-12-07,149.8606414794922,151.9283777849961,149.45386101934582,151.08094148120549,5813973
2022-12-08,147.65731811523438,150.40300366879157,147.0471611723629,150.36911448985458,11176439
2022-12-09,147.25054931640625,148.43696032450362,146.23362559517994,148.06409656913374,6020031
2022-12-12,146.1319122314453,147.792881761603,145.4878524067396,146.43698376379012,8194429
2022-12-13,146.640380859375,146.97935537472915,144.43704650957292,146.13191908634374,8235450
2022-12-14,148.60643005371094,149.52167232900845,146.6403887926206,146.6403887926206,10055353
2022-12-15,146.67428588867188,149.41998527697692,146.36921430904235,148.80982832480805,5385778
2022-12-16,144.53872680664062,147.92847193618576,144.13196014967687,145.75904057044016,11166617
2022-12-19,148.40306091308594,148.60643736756552,144.74213301044585,145.11501053302308,7758862
2022-12-20,147.31834411621094,148.4030599115106,145.01331443063057,148.4030599115106,6541929
2022-12-21,146.4709014892578,147.96238391997016,144.97940526563636,147.14885055647417,7005861
2022-12-22,145.75904846191406,147.1149465871412,144.30145521871313,146.50478967220718,6961415
2022-12-23,143.2167510986328,145.96245054218485,142.67438628736744,144.67434446011217,4554651
2022-12-26,143.62350463867188,145.25058513033557,143.01334773018436,143.38622522784587,6864331
2022-12-27,144.16586303710938,145.89462477646083,143.58960912399223,144.36923946902283,13115851
2022-12-28,146.26751708984375,148.0640849482546,144.0641825334498,144.0641825334498,16815549
2022-12-29,146.26751708984375,146.77597891055007,144.7421316277249,145.11500914674002,22536873
2022-12-30,144.87770080566406,146.94545084451485,144.5726292622505,146.47089204522527,4643134
2023-01-02,145.79295349121094,146.0980250565319,144.40315237606168,145.4539789551169,5959394
2023-01-03,146.1658172607422,146.57258394562785,145.3183809201849,145.92853784396797,2873110
2023-01-04,143.08116149902344,146.03023729301717,142.70828398095924,146.03023729301717,9954542
2023-01-05,141.55577087402344,143.6574102256249,140.06427464911567,143.6574102256249,21273509
2023-01-06,141.0811767578125,142.5726727554984,140.70831310307128,141.11507972320123,11510471
2023-01-09,141.75914001464844,143.6912919997478,138.471089963808,141.82693215935382,52485126
2023-01-10,143.58963012695312,144.0302860236748,141.69136706065112,142.30152403145607,17248326
2023-01-11,143.69129943847656,144.43705444756773,142.43709642131913,143.86078670546834,9164361
2023-01-12,144.7421112060547,145.0132935640855,143.31842106752748,144.77601417314892,21179555
2023-01-13,145.08108520507812,145.9963135914819,144.6065264248414,144.80990284798244,6560245
2023-01-16,146.19970703125,146.36919428405858,144.19974917236416,145.75903741536615,8362194
2023-01-17,148.06410217285156,148.2674786490475,145.69128006685366,146.19974194671033,13000571
2023-01-18,148.7081298828125,149.25049467106413,146.70818558783995,147.99629161525544,11171369
2023-01-19,149.65725708007812,149.99623161480085,148.23356679282455,148.3352619118232,11586815
2023-01-20,151.35214233398438,151.79281202433393,149.82675680094312,149.82675680094312,10112645
2023-01-23,152.6063232421875,154.77576840466043,151.5555105259236,151.86058207095644,14393610
2023-01-24,149.7928466796875,153.62326181623823,149.48777510480073,153.38598239211413,6150893
2023-01-25,148.74203491210938,149.99623798526866,147.65731911350971,149.6233604640736,5790331
2023-01-27,148.6403350830078,150.13181753475,147.11494966026316,148.6742380540103,10458603
2023-01-30,143.62350463867188,148.36914802682753,142.74217914233114,147.7928940882761,24288177
2023-01-31,146.87765502929688,149.28436572683182,143.82688449978744,144.13195603557523,20997546
2023-02-01,146.80987548828125,152.53853956823585,144.80991747153007,152.53853956823585,20246369
2023-02-02,144.1997528076172,147.18273129082993,143.28452437795977,146.43699011825382,12820663
2023-02-03,145.6573486328125,145.86073886218173,142.64048091892306,144.53872995709884,10815686
2023-02-06,147.1488494873047,147.35222593024642,144.4370532381429,144.7082218287319,6948201
2023-02-07,147.0132598876953,147.9284884160512,145.82684896018327,147.79290411292803,10035526
2023-02-08,147.1173553466797,147.98479258339358,146.0417275257766,147.70720984395624,12432719
2023-02-09,147.70721435546875,148.47055632340331,147.11735984017594,147.11735984017594,7011082
2023-02-10,148.57461547851562,148.81749502944555,147.01322878454104,147.047931914006,10892159
2023-02-13,149.8931427001953,150.24011756755687,148.50524323074907,148.57463538053267,7710133
2023-02-14,149.19918823242188,150.62179079085243,147.63780137882677,150.62179079085243,6010681
2023-02-15,148.8522186279297,149.33797779658747,147.81129402213998,147.98478145643827,8107497
2023-02-16,148.92160034179688,150.51769027286736,148.50523335234797,150.51769027286736,3963115
2023-02-17,148.36647033691406,149.82376206817383,147.8113048590796,148.5052546471504,6491149
2023-02-20,149.7543487548828,150.5870827355364,148.64401795608794,149.61555034581215,6841917
2023-02-21,150.72589111328125,151.80151895209116,149.92786013697472,150.96878483836048,6701434
2023-02-22,148.956298828125,150.79526826915213,147.81127905401812,149.89312805477894,9128659
2023-02-23,147.9847869873047,149.82375668328592,147.5337168175819,149.19919907278083,10345874
2023-02-24,149.23390197753906,149.47678157056987,147.39493228440162,147.39493228440162,9808830
2023-02-27,152.11376953125,152.63423180946154,148.88691470109273,150.20540784447434,17763618
2023-02-28,154.2303466796875,154.75080904193618,151.80152232252706,153.08532665905142,36559278
2023-03-01,151.90560913085938,154.23033806198558,150.86468446452426,153.7445788650736,12896085
2023-03-02,152.9118194580078,153.36288960406137,149.7543566725196,151.28104042391573,79708558
2023-03-03,154.12623596191406,156.45096479032694,152.94652703956834,152.94652703956834,9951869
2023-03-06,157.6306915283203,158.77571146124373,154.75079718746565,155.44474695063815,15659957
2023-03-08,158.2552490234375,158.46342548117096,156.62445578641635,157.49189298974926,11591495
2023-03-09,156.69386291503906,159.9207180343432,156.4856723377221,158.91449652034748,13941653
2023-03-10,157.2143096923828,158.3246263852337,154.230320344306,154.230320344306,9605434
2023-03-13,156.9020233154297,159.64313308348565,156.41626417599835,158.25523369260446,13209653
2023-03-14,156.2774658203125,158.04704319167985,155.44473183287064,156.242776806594,9583405
2023-03-15,158.42874145507812,159.6431535780018,156.6244607205502,157.24901835031412,12228069
2023-03-16,161.10043334960938,161.62089564939157,158.46341871666877,159.22676059932732,18437817
2023-03-17,159.40025329589844,162.38424289389025,158.42873493231406,162.34953975871483,33711025
2023-03-20,157.87356567382812,159.19207300204553,156.34688189490922,156.34688189490922,9281411
2023-03-21,154.85488891601562,158.01235179480412,154.3691156218948,157.70008005593226,11272787
2023-03-22,155.51414489746094,155.93051194718876,153.22411906473567,154.7508029532192,7589846
2023-03-23,154.1609344482422,155.7917134805864,153.53637687117924,155.44473861760068,17091298
2023-03-24,154.3344268798828,155.61823109083417,153.224110106045,154.75079390526653,10371666
2023-03-27,152.73834228515625,157.0061362147942,152.35667838089404,154.68140729784412,19983733
2023-03-28,154.12623596191406,154.82018570881007,151.7668039987789,153.5363815007412,8689166
2023-03-29,154.36911010742188,155.23654726046075,153.05061692955738,154.12623052825964,19743258
2023-03-31,156.62445068359375,157.35310355803153,154.750792032816,155.4447417728735,10202058
2023-04-03,155.8611297607422,157.76949180262636,155.34066738568288,157.76949180262636,7643214
2023-04-05,156.58975219726562,157.2489987630722,155.2365418149282,157.2489987630722,12019382
2023-04-06,156.3121795654297,157.80417433613584,155.89581254343915,157.66537591650987,4282875
2023-04-10,158.94920349121094,159.1920830916449,156.13870122184002,156.27748553110385,4145643
2023-04-11,160.54527282714844,160.99634299111403,158.53281571607073,158.84510157655947,5106602
2023-04-12,157.7347869873047,160.68407348398173,157.56129954632368,160.5799781957043,9118795
2023-04-13,160.44117736816406,160.75346322831774,157.52659405072643,157.7347846241622,11428621
2023-04-17,164.22320556640625,166.47854217707106,161.20452708043584,161.41270352727736,21815047
2023-04-18,159.816650390625,164.81308348467707,159.3655801805568,164.39671641324696,13482833
2023-04-19,159.57374572753906,160.5799813762253,158.67161948763638,158.91449908613154,8264190
2023-04-20,160.2329864501953,161.62088583197536,159.36554933658277,160.19828331827375,7308750
2023-04-21,160.68406677246094,161.23921808934588,159.33085631826415,160.85755420619566,5030650
2023-04-24,160.96163940429688,161.20453311236554,159.57373989964782,160.30239278696612,5725067
2023-04-25,161.6208953857422,162.3148451176531,160.0595084889426,160.5105786383734,8338703
2023-04-26,165.36822509765625,166.2009591201922,160.9963361832342,162.41893876671338,13581018
2023-04-27,163.73744201660156,165.36823526520453,162.0372707333721,165.16004468754846,9794457
2023-04-28,164.63958740234375,165.12534660715409,161.7596929549679,164.43139681831386,10585487
2023-05-02,166.61732482910156,167.34597768195752,165.33352067170873,165.64579239810803,6732907
2023-05-03,166.3397674560547,167.93585770142155,165.71522390811973,166.54795805099658,4789217
2023-05-04,165.74990844726562,167.03371276551204,163.04350137841556,166.30507393980486,9189783
2023-05-05,167.27659606933594,167.58886781540315,165.29882794942995,165.7152091021117,3896441
2023-05-08,169.84422302246094,170.88514778051484,167.31130328750734,167.8317656665343,8758321
2023-05-09,168.90736389160156,171.3361879003842,168.42159061877916,169.35843403120697,9166941
2023-05-10,171.8566436767578,172.06482011284314,169.7400914733466,170.1217694505003,9689409
2023-05-11,172.481201171875,172.93225717581706,171.12799080472107,171.89133264036445,12616726
2023-05-12,167.76235961914062,173.20986257832766,167.34599257407467,172.6894002423841,13853807
2023-05-15,168.8032684326172,170.4687505748599,168.1787108644708,168.90736371371545,12187763
2023-05-16,166.9643096923828,169.7054197197189,166.54794265942306,169.01146995863797,11418509
2023-05-17,165.7152099609375,167.866451414351,164.77836648099247,167.1725016475438,11560929
2023-05-18,163.52926635742188,167.24189480852817,162.80061345050495,167.24189480852817,14497723
2023-05-19,162.17604064941406,164.81305517966587,160.99633179655783,163.5292510472181,10071694
2023-05-22,162.6271209716797,165.8539901305443,161.44741204490688,162.870000560316,12566129
2023-05-23,162.45364379882812,164.15382926359493,161.93318145381792,162.41895478022758,12458561
2023-05-24,163.6333770751953,165.0559657687888,162.97411625952904,165.02127674803515,8877971
2023-05-25,165.12533569335938,166.75612888410393,163.98032991220668,164.95184825761578,12502747
2023-05-26,164.6742706298828,165.09063762915883,162.93939636753024,165.05593449653463,6811801
2023-05-29,162.73121643066406,165.4029201453892,162.45363370688037,165.29882485916482,13638297
2023-05-30,163.14761352539062,163.70277907527563,162.17608087231508,163.70277907527563,9469926
2023-05-31,162.28013610839844,163.21696538887198,159.60843256095794,163.07818109489182,48104157
2023-06-01,161.69029235839844,162.45363426258194,159.64314623557308,161.65558922339034,8804790
2023-06-02,162.8006134033203,163.14758828871462,161.75968874713737,162.38424636453598,6617781
2023-06-05,163.4945831298828,165.1600656067493,162.93943171655795,164.0844376833606,27428302
2023-06-06,163.286376953125,164.46608584556816,162.69650838846002,164.0844078470724,6898603
2023-06-07,165.99276733398438,166.5826358905874,163.87622915959395,164.25789303443,11153571
2023-06-08,167.69296264648438,170.32996326843107,166.02748039562937,166.02748039562937,19300834
2023-06-09,169.94830322265625,170.36467026519597,167.79706173749744,169.01147384733082,11037141
2023-06-12,167.69296264648438,171.02391302975033,167.38067678282428,170.01769152321503,8188909
2023-06-13,168.1093292236328,168.9420632875797,167.55416376870556,167.93584178377355,6443218
2023-06-14,171.05860900878906,171.5443681740127,168.0052273630368,168.0052273630368,10297426
2023-06-15,171.02392578125,171.37090068778,169.18497007139717,171.37090068778,9732749
2023-06-16,171.02392578125,171.648483436693,169.67072929316112,170.98923676166407,9702361
2023-06-19,168.6991729736328,172.30771996442746,168.2134138202773,171.02390169630792,10431647
2023-06-20,172.6199951171875,173.27924171246875,169.1502464716159,169.21963862083865,13426365
2023-06-21,179.17782592773438,179.76769453015382,172.62000621343583,172.65470934949968,31172093
2023-06-22,175.95095825195312,179.03902887785668,175.36108969151564,179.03902887785668,7430965
2023-06-23,173.5568389892578,176.71431616901833,173.17517507728928,175.9856632449368,5593393
2023-06-26,172.44651794433594,173.66093004253548,171.50968857798512,173.48744259993555,7305362
2023-06-27,173.1751708984375,173.52214578373315,171.85666351062517,172.16893526001357,11142907
2023-06-28,173.59153747558594,175.222316608451,171.02391486015796,174.04260764895992,17808717
2023-06-30,177.061279296875,180.21874214837592,174.32016934797585,177.99810862383805,17659979
2023-07-03,173.83441162109375,176.92248234782352,173.14046187410335,176.64491374378235,12467239
2023-07-04,173.20986938476562,175.22232665318427,172.93228663766564,175.22232665318427,8637967
2023-07-05,175.74278259277344,176.22854179362838,173.14047090581235,173.27925521507248,5340907
2023-07-06,182.30059814453125,182.92515575852354,176.54082354946587,180.39223628527068,16705046
2023-07-07,177.2694549560547,182.1965093914804,176.7489926524627,182.1965093914804,13149183
2023-07-10,173.48741149902344,177.92869205708678,172.4464870300293,177.26943142232548,15319047
2023-07-11,175.916259765625,177.23476710037758,173.52213880080757,174.8753351516272,7486045
2023-07-12,174.9100341796875,176.78369279351722,174.28547660226315,176.26323049873747,9390877
2023-07-13,168.6991729736328,175.0141125594696,167.72764054847875,174.7018408349472,30591450
2023-07-14,166.58265686035156,169.60133569788496,164.25791371155077,168.6298031441474,72085831
2023-07-17,167.2418975830078,169.98299357651334,165.99278232712624,168.28282225676097,11474161
2023-07-18,167.3459930419922,169.11555651808152,166.27036523065684,167.24189775082354,14940593
2023-07-19,168.8032684326172,170.85041444762933,166.9296098466211,167.24188157147273,22954874
2023-07-20,169.49722290039062,170.60753965353152,168.144026563507,169.2890323323577,10249082
2023-07-21,169.39312744140625,170.9198253290361,168.07462012159434,168.8032729905135,18466409
2023-07-24,171.71786499023438,172.20363830044548,168.52569887097306,169.35844706628745,14825562
2023-07-25,174.28549194335938,174.52837154528018,172.20364258099022,172.7587939398886,10500017
2023-07-26,174.18138122558594,177.40825027516692,173.4874314995876,176.1938382546698,12898171
2023-07-27,173.9732208251953,175.84689388132838,173.2792709788747,174.8753612727904,10836773
2023-07-28,179.17782592773438,181.2249862312819,173.55683558427216,174.73655867066674,17518458
2023-07-31,184.6253204345703,185.28456699184594,179.83706475603634,181.81481854630573,24269734
2023-08-01,174.73654174804688,181.8148231071305,173.8344014821992,181.8148231071305,31395702
2023-08-02,172.481201171875,176.12443704595916,171.12799080472107,175.49987950099907,20825405
2023-08-03,172.58529663085938,173.903803975371,170.7810301102642,172.79348720257732,10882019
2023-08-04,171.6484832763672,172.8282064285343,171.12802091705834,172.09955347812388,7406390
2023-08-07,172.06483459472656,172.75878434363602,170.7116382317306,172.65470317605462,6345966
2023-08-08,170.8621063232422,173.51524462018693,170.26073118810734,173.51524462018693,15171726
2023-08-09,170.04844665527344,172.27708534036339,169.62394747577872,171.92333362508543,18442141
2023-08-10,171.07432556152344,171.6757005645428,169.83619462828634,170.18994632349694,9962450
2023-08-11,172.84310913085938,174.22273518479685,171.781853891155,173.69210756494468,23866073
2023-08-14,172.98458862304688,173.55059712468542,170.3314507607302,173.23221194469093,9188486
2023-08-16,175.49624633789062,175.92074555277512,171.95872889019435,173.05535066246298,9191471
2023-08-17,172.41859436035156,176.02687366644213,171.35733912778264,175.49624605015768,15301142
2023-08-18,170.5083465576172,172.38323374507743,169.87159051735952,172.38323374507743,12292241
2023-08-21,174.89486694335938,175.24861870853138,171.00359752646736,171.42811116003068,9129526
2023-08-22,175.31936645507812,176.98199673862368,174.54110111903148,175.46086139207117,11107830
2023-08-23,176.59286499023438,176.8758692598892,174.89485376650043,176.8758692598892,8487619
2023-08-24,174.25811767578125,178.75076201854162,173.904365926049,176.87587486612165,18982087
2023-08-25,171.21583557128906,175.03635709510715,170.79133637846363,174.15197777913974,12851343
2023-08-28,175.81460571289062,176.16835743464694,171.6049659816682,171.9233367735711,11908665
2023-08-29,177.68951416015625,178.9983928097679,175.88537440380225,176.59287793269462,12363321
2023-08-30,174.8240966796875,178.00786215121065,174.36421656607308,177.79561975629235,6748007
2023-08-31,173.0199737548828,176.5928575264049,172.31247030774642,175.35472649391622,20715819
2023-09-01,178.432373046875,178.71537731953572,173.47984865499606,174.75336068487158,13120723
2023-09-04,180.69638061523438,181.47463151677937,177.44186768519532,179.422868671474,10240031
2023-09-05,179.9181365966797,181.8283901912051,178.99837633608905,180.6256400604587,10893186
2023-09-06,180.0596160888672,182.0052504473913,178.39698597042167,181.61611781800903,10018473
2023-09-07,181.82839965820312,182.32364635095578,178.3970105590567,179.7058891563564,13760453
2023-09-08,182.9957733154297,184.87066036846917,181.89913719170994,182.71276905180574,16781751
2023-09-11,187.13467407226562,187.48842581909412,182.25289708719353,184.19853169475016,17683806
2023-09-12,180.46055603027344,192.67677982843952,179.8473777149878,191.49760736926916,29826173
2023-09-13,182.25289916992188,183.5735810096911,180.46056272318683,182.25289916992188,10692151
2023-09-14,184.09239196777344,184.56406093453094,182.72455484301562,183.1962238097731,10941807
2023-09-15,183.10191345214844,185.0829146361276,181.30956259708648,185.03574485680045,20516593
2023-09-18,188.7619171142578,189.13924651171587,183.1018897872239,184.1867226005612,25627043
2023-09-20,193.0541229248047,194.2804652479988,187.2054299921052,187.441264500635,33369524
2023-09-21,190.17694091796875,193.90312302862947,189.04492383618233,193.38428426517655,20332556
2023-09-22,187.86575317382812,191.40327060286728,185.27157372586606,189.18643498385325,21193988
2023-09-25,187.62991333007812,189.28075474990504,185.55457270970612,188.66759083736156,11951847
2023-09-26,187.111083984375,188.71475558491792,186.4035805375889,187.81858743116112,7440011
2023-09-27,188.05442810058594,188.29026259060714,186.12058240357308,188.0072583237427,6736870
2023-09-28,189.37509155273438,192.86543905369678,186.5922475071371,188.76192764909578,50185120
2023-09-29,188.43174743652344,190.45991818442036,187.8185835529809,189.5637500491681,16293959
2023-10-03,188.2430877685547,188.6675869603766,185.74323360481296,187.48841454187428,10830728
2023-10-04,187.72425842285156,188.1015878579832,184.32823592988566,187.629918866971,14120040
2023-10-05,185.4602508544922,188.1959252126878,184.28107839075355,188.1959252126878,14575590
2023-10-06,185.88473510742188,186.26206450778253,183.8093946170504,185.8375653338283,12857229
2023-10-09,185.1300811767578,185.74324511469692,182.7717361936144,185.36591567507216,7853369
2023-10-10,186.73374938964844,187.29975793268187,184.61123894456586,185.13007770998064,7440527
2023-10-11,187.25259399414062,187.86575793971775,186.16776104605938,186.16776104605938,10031916
2023-10-12,189.37509155273438,190.55426397834293,186.16774831275694,186.16774831275694,21872719
2023-10-13,190.3656005859375,190.93159471762806,188.00725571840653,189.09208859979287,13105921
2023-10-16,191.54476928710938,192.29944250885208,188.7619252764905,188.95058998337757,18336656
2023-10-17,195.41246032714844,197.1576413793327,191.12028395601698,192.01645217435666,19378328
2023-10-18,194.79928588867188,196.63879200490757,192.44094102319158,196.63879200490757,14923328
2023-10-19,194.1389617919922,195.64829394391538,190.742939260323,192.4409505261576,13192888
2023-10-20,191.35610961914062,193.57294517327907,189.51658909451754,193.57294517327907,22081120
2023-10-23,188.43174743652344,193.5257663905215,187.72424400434625,190.554257733055,6988219
2023-10-25,188.1959228515625,189.09209103392143,186.5922511998368,187.72425387198464,16817158
2023-10-26,187.67709350585938,188.66760129147877,185.17725354642553,187.48842878340702,11070090
2023-10-27,189.5637664794922,190.36560952980327,187.86575521625403,187.96009477306546,9995487
2023-10-30,189.4694366455078,190.7429342658918,186.4507436323123,189.56376180579826,7679981
2023-10-31,190.69577026367188,191.45044353982524,189.18643810556065,190.08260632353225,7474770
2023-11-01,189.5637664794922,190.88444830387542,189.1392672622315,190.88444830387542,5598615
2023-11-02,191.59193420410156,192.1107585363363,189.5165792983862,190.3184222750666,12924797
2023-11-03,192.81826782226562,194.79928324001136,191.59194002424587,191.87492988889994,8684015
2023-11-06,196.4029541015625,197.11045754889824,193.3371058297743,193.38427560510223,9804415
2023-11-07,196.2143096923828,197.25198728016514,194.09179913080655,196.40297441901706,10730361
2023-11-08,195.2709503173828,197.72363467808086,194.94077628622156,197.15762616585994,7435543
2023-11-09,197.9123077392578,198.5726414352629,194.4219601510637,195.5539628291003,13777877
2023-11-10,199.18582153320312,200.931002666151,197.72365908549654,198.57265756443562,12066023
2023-11-13,200.27064514160156,202.9119942207972,198.76129869800565,199.98764088415302,11352269
2023-11-15,198.2424774169922,202.8176725317828,197.91231774938814,202.8176725317828,19182861
2023-11-16,199.252197265625,200.83891519293633,197.80973442633695,198.77137631919564,27533260
2023-11-17,201.46397399902344,202.61794132112163,198.96369923990184,199.73301567913083,16705395
2023-11-20,201.2716522216797,203.09876595880635,200.83891630220137,202.04096867491387,11156900
2023-11-21,200.93505859375,202.08902586165615,199.97341675824654,201.94478545572662,9608081
2023-11-22,203.48342895507812,204.44507084111632,200.21383773845386,200.21383773845386,13079580
2023-11-23,202.81027221679688,204.9258961499454,201.22356894042647,203.9161692133956,11382709
2023-11-24,202.3775177001953,203.96423550427758,201.46396090762715,203.1949191150398,7250200
2023-11-28,202.13711547851562,206.22409337221762,201.46396911307454,206.22409337221762,15629209
2023-11-29,202.95452880859375,203.33917970465362,201.07933001169238,202.23329737336311,10062023
2023-11-30,200.93505859375,204.6373855298343,200.26191224359556,202.32943632053204,60354322
2023-12-01,202.13711547851562,204.30080965753433,201.4158840855094,203.3872528277578,20719909
2023-12-04,204.7335662841797,205.8875483686015,203.5795988732496,203.5795988732496,27914088
2023-12-05,213.77297973632812,214.68653653155167,203.43533016090066,205.50285420659026,40709207
2023-12-06,215.7924346923828,217.57147806195422,213.96532096700471,217.3310675889576,29544730
2023-12-07,221.17762756347656,223.48556215561237,215.64818687438964,216.36941826861838,24534268
2023-12-08,219.8313446044922,224.44721399399543,217.76380571168173,222.90859575532465,22206320
2023-12-11,222.0911865234375,223.966385231707,217.85996817280423,219.25434594697947,19106395
2023-12-12,222.47584533691406,224.35104398839138,220.6968020652492,221.17762298478132,14355329
2023-12-13,227.8610382080078,228.38994417131318,221.75462113636382,222.13927201504563,26878281
2023-12-14,223.19708251953125,228.48611277190412,222.23544065546346,228.14953225008423,29972018
2023-12-15,228.24571228027344,228.96694370984224,218.43695309934478,225.9858479315614,41341690
2023-12-18,222.9566650390625,227.8129445610289,222.57199950144314,227.8129445610289,29051897
2023-12-19,224.59146118164062,225.40884796525737,221.99503107302147,223.245153762493,12612164
2023-12-20,218.43695068359375,226.37049632111155,217.52339381760805,225.9377604028542,20400245
2023-12-21,223.4375,224.25488680602393,214.1576469163259,215.84052023127558,17755207
2023-12-22,222.86050415039062,225.2165238054162,221.6584518086949,224.06255649208637,9735375
2023-12-26,224.39913940429688,226.75515908438558,222.18736013734988,223.1009169920589,6772092
2023-12-27,225.07228088378906,226.80323917122527,223.58173306201093,225.98583771859168,10231881
2023-12-28,229.92857360839844,230.74596038179553,225.1203643290383,226.0820061849103,39164340
2023-12-29,228.10145568847656,229.1111826179232,225.74543596876168,228.67844669772919,12665999
2024-01-01,229.11117553710938,230.3132278746598,227.33213220813857,228.77459501319908,5952776
2024-01-02,228.72653198242188,230.89022625929513,227.09172901221376,230.79405619981551,9128513
2024-01-03,227.9571990966797,229.5439022492929,225.60117954415193,226.94747223888498,8284439
2024-01-04,232.18844604492188,233.77516406755643,227.95722733154642,228.8707842499466,19663959
2024-01-05,231.99609375,235.6022506476684,230.12089509791042,232.71732512953366,16345257
2024-01-08,233.05392456054688,235.84268025172122,231.17871108274943,233.10199491762586,13585746
2024-01-09,233.0058135986328,235.26566304901803,232.23649721560164,233.29430907645568,8688409
2024-01-10,229.97665405273438,232.81350939081742,228.8707717393565,231.75569743355007,16872195
2024-01-11,232.6692657470703,233.77516278833838,230.0247503973085,231.03447737464316,18812468
2024-01-12,230.31321716308594,233.34238304343418,229.640070820063,233.19814263903274,11296498
2024-01-15,231.89993286132812,232.23651338780812,227.9091249395881,231.17870145329147,12597366
2024-01-16,229.8804931640625,233.10198464136693,228.58227076335632,232.38075323508363,7478450
2024-01-17,230.0247344970703,231.94801825486104,228.5822716787273,229.3515881165417,13620300
2024-01-18,224.49530029296875,226.65899458408998,217.37915604934423,218.53312340324402,25522629
2024-01-19,226.37049865722656,227.86104654526488,223.48557294108437,225.98584776447066,20931080
2024-01-23,228.8226776123047,237.3332139412132,227.18788938528849,231.75568821949005,27492163
2024-01-24,236.7562255859375,237.5255420170471,225.98583957087476,227.0917218525701,28309825
2024-01-25,236.0830841064453,239.16033522119983,233.77514943875215,235.36185268860487,20651484
2024-01-29,244.20895385742188,245.21868077176845,235.74650233138428,236.03499783169624,26181011
2024-01-30,244.35321044921875,247.09389570882558,241.8529356624374,244.25704039069225,16031367
2024-01-31,249.35372924804688,250.02689030689646,242.71840610545243,244.25703899212192,34369455
2024-02-01,255.60440063476562,260.55687980732364,248.3920865158729,249.06524757242872,29929092
2024-02-02,266.4709777832031,270.60602623650476,253.82539260003165,254.3542839090649,33900724
2024-02-05,272.0484619140625,278.2991336729613,264.3553274415716,266.85560201452694,27440927
2024-02-06,263.7302551269531,272.04845055873585,261.8550419387634,272.04845055873585,29668277
2024-02-07,257.67193603515625,263.87450813292713,256.566024470464,261.66274369750107,27335466
2024-02-08,265.6054992675781,277.00093207969667,260.4126096326599,260.4126096326599,69776717
2024-02-09,262.5282287597656,268.7308305187062,258.7778313611651,267.9134290652595,24496638
2024-02-12,259.9317932128906,265.41316376864444,256.0371552659478,262.7205781938422,19140023
2024-02-13,259.88372802734375,260.4607190468472,254.11387652627414,259.93179838439306,22031847
2024-02-14,263.1532897949219,264.4515121786496,256.758377278907,259.1624819350766,13546941
2024-02-15,275.37481689453125,277.0369527382187,265.30431338318687,265.9398253807221,25475670
2024-02-16,268.4329833984375,276.5969504332933,267.21083353805915,275.71700850134954,25129188
2024-02-19,270.1929016113281,272.0994375227655,267.2108379996282,268.9707517305438,11429901
2024-02-20,281.4855651855469,282.3166331033367,271.51283968500286,272.1483516794381,43053543
2024-02-21,273.8593444824219,283.00103133218624,273.02827661650826,281.14333968921125,24651085
2024-02-22,276.30364990234375,277.1835918454355,267.16196286336947,273.85935015062034,26793590
2024-02-23,275.66815185546875,278.8457416931752,272.78386606772335,276.2547599553909,14313526
2024-02-26,281.3877868652344,285.0053625791702,275.76589720886994,276.64586902519926,31012494
2024-02-27,285.98309326171875,286.86303527345643,277.77025142275755,277.77025142275755,36510093
2024-02-28,273.3215637207031,287.10741914895823,272.19719189533515,285.0053275036806,18824161
2024-02-29,276.5480651855469,278.650156892824,268.28632052858006,273.37047567711994,35043015
2024-03-01,281.2900085449219,282.9521143623119,278.25907108802767,278.6501530546111,15149735
2024-03-04,288.0851745605469,290.38282238872733,281.58334292240227,281.58334292240227,23131460
2024-03-05,288.4273681640625,288.8673540505565,283.2943387306343,285.54308254736463,13220556
2024-03-06,287.1563415527344,288.32958750966924,280.1167464605534,283.8320700806449,15969436
2024-03-07,286.1297302246094,292.2404797588683,284.5164983150939,287.44965809153814,14908694
2024-03-11,279.1878967285156,285.44532776181245,278.0635248464097,281.97440432339897,19020659
2024-03-12,278.79681396484375,282.21883349759247,276.4502922527731,278.55238399821883,17906155
2024-03-13,258.4113464355469,277.57466161254877,255.96704679148138,276.98802373044464,39389523
2024-03-14,260.4156799316406,262.4199936268693,254.8915689181392,258.1669064438581,26005940
2024-03-15,260.0246276855469,265.9398213353376,251.90953435250694,262.12671957048485,43817794
2024-03-18,258.9980163574219,260.709026319931,253.7183344406372,260.02464023751486,12423655
2024-03-19,253.2294464111328,260.5623454384822,252.54503056685652,256.3092580350911,20031514
2024-03-20,258.7535705566406,259.2424305160666,253.18058492177087,254.15830484062283,11308487
2024-03-21,267.65081787109375,268.38410778306934,261.14898661910536,261.8333726343635,23559105
2024-03-22,269.6062316894531,272.05053116079904,265.30427058741236,267.6507921123764,22097588
2024-03-26,264.03326416015625,267.9930479141992,260.17128820762,264.0821680609096,28477120
2024-03-27,264.2287902832031,266.72196397339025,263.2021963725712,264.96208017298073,18094214
2024-03-28,270.7306213378906,273.2726989233103,265.59759210945634,265.9398000255471,26646830
2024-04-01,273.908203125,275.32590880692123,271.46390356144,274.4948409877826,8945400
2024-04-02,273.3215637207031,275.4236852036218,272.29496984485434,273.0282597097866,13229425
2024-04-03,273.8593444824219,276.792504123781,272.34386076513397,273.9082185413874,14499308
2024-04-04,271.4638977050781,280.31227983686136,268.92182024628846,276.4991487298566,23722104
2024-04-05,272.19720458984375,273.71268828396626,269.01961502694337,273.71268828396626,9308711
2024-04-08,275.4725646972656,277.8679902383854,272.83270919634344,274.29928895515764,14473340
2024-04-09,274.9348449707031,278.01465665631207,274.7392890576689,276.54807682148464,5780865
2024-04-10,276.2547302246094,278.9923636927477,273.76155655532295,273.76155655532295,8809693
2024-04-12,269.1174011230469,278.1124360929163,268.53076321846527,275.2281504673486,17731780
2024-04-15,267.9441223144531,270.0462439354759,262.42001093657126,264.22879868976526,13378690
2024-04-16,268.1396789550781,269.41070287286175,265.2065192946762,266.9175290965773,9662195
2024-04-18,273.8593444824219,283.4409873758044,271.5128227368632,281.4855476148984,51039603
2024-04-19,275.37481689453125,275.9614548298118,268.5796811706622,271.90392302039226,18755469
2024-04-22,277.3302307128906,278.35685446252126,275.4236948995343,277.67243862943417,14965203
2024-04-23,278.99237060546875,280.7522544347303,274.44597918184104,277.3302348929998,11464036
2024-04-24,283.9298400878906,285.3475458135134,278.0635209545142,278.65015883538024,19324163
2024-04-25,286.7652282714844,287.93850406009705,282.8054747007914,285.4942043651896,22022414
2024-04-26,285.7386169433594,289.5517182678042,284.95645302365205,287.6940565802686,15581578
2024-04-29,287.1563415527344,288.03628347984625,283.1476840651769,285.78750984651265,9804396
2024-04-30,295.124755859375,297.56905559344693,286.52080289285584,287.1563446938291,33288857
2024-05-02,306.61297607421875,310.181647851873,295.1247668945198,295.2225448550673,44059506
2024-05-03,303.92425537109375,309.05728515835034,301.38217750892335,305.0486273569638,27074447
2024-05-06,300.0133361816406,303.8753116124296,296.3468868145136,303.2887035838023,16855909
2024-05-07,288.6717834472656,301.431015454586,287.9384935655198,300.1599915946166,13857464
2024-05-08,295.2713928222656,296.102460657009,285.49419438444227,285.49419438444227,18754452
2024-05-09,289.5517272949219,297.5690419912553,288.6717853984077,296.00468426542903,11196567
2024-05-10,296.982421875,297.6668377452427,289.64952256944446,289.64952256944446,11786977
2024-05-13,299.72003173828125,300.7955296256948,290.96945629271454,297.42241377955196,11710605
2024-05-14,302.3598937988281,306.0263436023709,300.893313877411,301.13774386431385,9957875
2024-05-15,307.8351135253906,309.25278946418604,301.96879418174393,303.09316608841425,11397656
2024-05-16,305.5374755859375,308.56841331127885,298.49788021337986,307.4929154296875,19843532
2024-05-17,306.1729736328125,308.95948125086306,303.8264518946383,307.88398341822074,9069551
2024-05-21,318.39447021484375,320.1543838862862,304.07088006361977,304.07088006361977,21976662
2024-05-22,318.4922790527344,320.4477189855217,313.0659451743077,320.4477189855217,10287081
2024-05-23,312.7725830078125,313.554776812806,302.11544230503404,312.33262696529374,35705284
2024-05-24,311.69708251953125,315.75464384882514,310.3282806695051,310.9149185588427,15058182
2024-05-27,310.86602783203125,314.33692124823847,307.492882527437,314.33692124823847,12857918
2024-05-28,305.8307800292969,312.3815154495245,305.04861602582673,311.89265548794464,10935739
2024-05-29,310.6216125488281,311.59933241226463,302.2132157557459,302.2132157557459,16812268
2024-05-30,299.86669921875,310.57271400529515,297.03128769580655,307.59068030548025,22768893
2024-05-31,303.0931701660156,304.55975002165763,298.8889865148993,301.6754643705043,36929443
2024-06-03,330.12713623046875,340.9309596159163,318.34562272946613,327.5361843220176,55218939
2024-06-04,289.3562316894531,327.4873098121813,273.51715653418495,327.4873098121813,73262478
2024-06-05,292.1426696777344,294.3425392681921,272.9793851154151,289.6983701327813,45312613
2024-06-06,293.7559509277344,304.510869646055,291.45830323401907,296.6402066814255,36508044
2024-06-07,302.4576416015625,303.72866547165927,290.1872395799952,291.4093893926428,38016104
2024-06-10,308.763916015625,316.1457187694693,304.65751055724473,306.0263123767048,25478964
2024-06-11,309.4972229003906,312.5770644603859,308.1284210057502,309.15504480496315,12238518
2024-06-12,317.4167785644531,319.81220439787364,309.83944888595977,312.7726087615056,20346144
2024-06-13,314.2880859375,320.6432655331319,313.50589208468165,319.71441965717406,11756503
2024-06-14,314.3369445800781,318.7366840843094,312.234852784474,318.7366840843094,14159988
2024-06-18,324.4074401855469,325.09185602803126,314.82579741661976,314.82579741661976,21653702
2024-06-19,320.0077209472656,327.3895243165847,318.15005904899425,326.55845640909257,14235150
2024-06-20,317.3189697265625,320.98541921425647,315.1191000339461,320.20325525860534,11749507
2024-06-21,318.68780517578125,322.25647675182887,315.8035196096147,319.42109508199553,17209541
2024-06-24,325.5318603515625,326.5584543358241,315.36354928057125,315.9013131408963,18044357
2024-06-25,320.1054992675781,327.5361767066611,318.541141411301,327.5361767066611,13979671
2024-06-26,319.42108154296875,322.8431009602558,317.7100718343252,318.44336170945815,12946277
2024-06-27,324.16302490234375,325.09187075384085,317.1234594382303,321.2298651662189,27061015
2024-06-28,323.5763854980469,329.83378636177156,322.2564577770513,325.5806991886262,21676594
2024-07-01,322.2564697265625,324.3585614443555,318.0033823957095,323.6252715541271,11959181
2024-07-02,323.4297180175781,326.94951548398654,320.74098840037817,322.69642812197816,12684459
2024-07-03,327.6828308105469,329.3938406997357,321.7676371286948,323.7230770020534,9369793
2024-07-04,327.5361633300781,331.1537388601243,326.4606654829582,329.4916031111532,12878827
2024-07-05,331.8381042480469,332.3269641629196,325.4340512982713,327.53614296469556,10894118
2024-07-08,331.8381042480469,333.40246194316774,329.3449306172527,333.40246194316774,7828162
2024-07-09,333.54913330078125,334.7224090995992,330.56709958211326,332.4247613988725,9214579
2024-07-10,338.3399658203125,340.05097567747737,328.02503261646194,335.35793200431135,10662609
2024-07-11,335.1623840332031,340.9798296205689,334.3802200150095,340.7353996351778,12642065
2024-07-12,335.4556884765625,338.1932921376156,332.52252890930197,335.1623546172512,11380570
2024-07-15,336.1889953613281,337.7044492792891,332.6203236749747,337.7044492792891,5277531
2024-07-16,334.8201904296875,339.2688040228841,333.8913445931266,335.113494463526,11363095
2024-07-18,333.64691162109375,337.02005716814443,329.4427280397533,334.3802015367445,13908161
2024-07-19,324.7985534667969,334.2335442656178,323.6252776851472,331.98477065706294,12937990
2024-07-22,331.05596923828125,331.838133235346,322.1587120428616,322.647572000438,10678640
2024-07-23,326.8028564453125,332.91360544391597,313.94584651977914,331.5448036357571,15954324
2024-07-24,329.63824462890625,331.25147642938646,322.9408576244934,323.52749550766134,12573882
2024-07-25,331.88702392578125,334.9668355684185,323.08754503959324,323.08754503959324,16271884
2024-07-26,336.53118896484375,337.85108691050624,330.9581738076201,332.7669615226939,11468068
2024-07-29,334.722412109375,338.1933058024864,330.2248946236559,332.2292084738791,31849674
2024-07-30,342.00640869140625,348.997129838477,335.65122934871897,337.3133651118638,25813219
2024-07-31,340.44207763671875,342.8374734646586,334.96684028513124,340.490951696162,17976593
2024-08-01,353.0546569824219,354.42345885599224,342.3486122901974,343.3263321766967,26792459
2024-08-02,350.26812744140625,353.00573101740616,346.11281818355286,350.0236974850619,13771470
2024-08-05,335.1623840332031,346.8950233319754,333.8913600442274,344.89070938682636,13566586
2024-08-06,333.1580505371094,342.984123438143,331.69147071082716,335.1623643646379,12273667
2024-08-07,344.2062683105469,344.69512824556404,335.74899740227795,338.1444230189192,12441847
2024-08-08,335.0157165527344,347.09056324148077,333.64691466522623,347.09056324148077,15489731
2024-08-09,338.29107666015625,341.1753622256973,336.6289409380406,340.1487384546343,8720610
2024-08-12,333.54913330078125,336.1400850323909,331.9359014556389,335.3579210582743,12521136
2024-08-13,329.4427185058594,334.82017773167746,327.6828048566427,329.49159256376447,10435954
2024-08-14,326.069580078125,330.8115274650806,325.0918601978308,329.49159965915476,12385993
2024-08-16,333.8085021972656,334.7450407653548,325.9217096117932,328.28774137028967,13013828
2024-08-19,335.48443603515625,338.44198332933297,334.49858693709734,337.80118743274005,5891370
2024-08-20,335.6816101074219,337.80117960196816,334.00565464528233,335.63232968795205,6393840
2024-08-21,331.8860778808594,336.1252468628202,331.39315335405405,335.18867822759995,10118601
2024-08-22,329.2735900878906,332.92124368902296,325.8231183354726,331.2452882321295,18370039
2024-08-23,331.49176025390625,332.1818666589858,328.6328038777838,329.9143956749579,7494822
2024-08-26,333.46343994140625,336.66744934217365,331.0974082472154,331.6889236921944,7993675
2024-08-27,330.6044921875,336.61817754157425,330.25943899528505,334.20283528179596,9589690
2024-08-28,329.71722412109375,334.1042343064243,329.02711775742483,330.60448224172154,8790600
2024-08-29,328.58349609375,331.1467097950626,324.1471751019223,327.79482884060485,17653536
2024-08-30,332.62548828125,336.0266797919177,329.3228877000866,330.2594564017857,22713812
2024-09-02,330.8016357421875,335.0900851145037,329.47076359709394,333.61131154375505,9789776
2024-09-03,329.9143981933594,333.1677183033484,329.2736022898808,331.24530050718545,8434423
2024-09-04,328.18914794921875,329.9636943188863,326.3160407415634,326.5132225889907,9025610
2024-09-05,326.5625,329.56932758835126,324.9358550737489,327.64693997940924,13912371
2024-09-06,325.1330261230469,328.3863462542869,320.4009624048963,328.33703574709585,23755639
2024-09-09,323.90069580078125,324.5415217567238,318.971450513381,323.0627481705037,18597200
2024-09-10,329.4214782714844,330.55519874523196,322.37266306264246,322.37266306264246,15472387
2024-09-11,328.48492431640625,332.4776010418474,327.3018933903434,332.1325478479352,10134008
2024-09-12,333.4141845703125,334.20285183238104,328.5342193897964,330.11158399966115,18410837
2024-09-13,332.47760009765625,336.4209963923653,331.34387968007263,334.99150320124284,10417461
2024-09-16,333.46343994140625,336.66744934217365,332.28040905144815,332.4775908950163,7748570
2024-09-17,332.1325378417969,335.18867590394854,329.7665061466788,331.93538608387684,11451846
2024-09-18,329.5693359375,334.10424772990774,328.38633509104125,333.70991411442145,6583254
2024-09-19,330.1608581542969,333.56204958957744,328.38634180546256,331.4424800379901,10589610
2024-09-20,336.02667236328125,338.0969614941919,330.0129868251987,333.36486775414943,31236123
2024-09-23,336.3224182128906,337.65332052993506,335.43516003010336,337.16039597441693,6542941
2024-09-24,345.0964660644531,346.03303474549097,337.505446031729,339.6742960043386,26145769
2024-09-25,358.60260009765625,361.0672227787398,347.36392668906046,348.8427002977106,40770462
2024-09-26,360.278564453125,360.91936034888766,352.1453094046768,358.8983516490493,18733959
2024-09-27,349.2370300292969,358.15895200140073,348.34977189111,357.07454210235335,33148043
2024-09-30,347.8568420410156,352.3917536716219,344.75142356198614,349.23702468883704,16356171
2024-10-01,345.8358459472656,350.9622732081927,344.9978982961081,346.1316187233151,9856291
2024-10-03,339.27996826171875,344.9486006955513,337.7519141616723,338.14624779209777,19350466
2024-10-04,334.0549621582031,342.5332701461705,332.9705221680458,338.1462297665128,20121706
2024-10-07,324.2950744628906,335.1886950166406,320.40095847178884,335.1886950166406,13851446
2024-10-08,322.5205078125,326.31603263827753,317.78844444901443,322.6683791515355,21148292
2024-10-09,325.083740234375,327.1047188520341,320.89388156569845,322.37265521346666,9228363
2024-10-10,329.61865234375,333.3155864658519,325.42879367203454,325.5273845991026,20773976
2024-10-11,325.3794860839844,330.604504408188,324.83728110883715,329.7172462280711,6098468
2024-10-14,326.0202941894531,326.80896139835653,323.1613078642958,325.3794682357779,5944216
2024-10-15,325.18231201171875,328.73137457450713,322.86556074950096,328.73137457450713,12415489
2024-10-16,322.56982421875,327.9426835401914,320.3516638354522,327.00614498534554,22085298
2024-10-17,326.46392822265625,327.20331505847037,320.00662855750375,323.8514340865918,17039729
2024-10-18,327.3511657714844,329.1257121170031,323.60495140715403,326.80896082702685,10569021
2024-10-21,326.46392822265625,329.0271419372907,324.7880027795806,328.2877551014766,8745904
2024-10-22,318.18280029296875,330.9002477964408,316.5068447714647,328.189162743596,11219831
2024-10-23,312.4155578613281,317.34480311027846,309.40873029375854,314.68302872728054,12541589
2024-10-24,314.63372802734375,316.2603729930386,310.7889226305034,310.7889226305034,8327779
2024-10-25,311.33111572265625,316.950467301641,308.81721269747766,316.950467301641,12979410
2024-10-28,313.7957458496094,315.9153454112796,306.3525974314227,310.0495314309974,9610615
2024-10-29,316.013916015625,316.6547419972698,309.7044878118393,311.62690558531995,15856332
2024-10-30,313.94366455078125,320.7952978888552,312.26770901114236,314.0422253942785,14498110
2024-10-31,316.2603759765625,318.1335133157816,313.35213921306075,315.86604235778407,9900390
2024-11-01,317.49267578125,318.13350173487964,315.4716972550004,317.8870394713992,847672
2024-11-04,310.9861145019531,320.1052187905119,307.1905894025426,319.9573173550886,9249409
2024-11-05,312.11981201171875,313.20425197262256,307.58490041158245,307.92995359265075,7518195
2024-11-06,313.992919921875,315.8167466669807,309.45800831088184,312.908479958375,11019250
2024-11-07,308.521484375,314.48585932796385,307.289173013997,314.48585932796385,14504208
2024-11-08,311.7747802734375,313.0563720790058,304.33163154546924,307.43705021721337,15740539
2024-11-11,325.1330261230469,327.69623983943154,308.3735911664831,309.11297800280204,22838987
2024-11-12,318.1335144042969,327.7948234831951,317.2462261518512,326.80897439001257,12069181
2024-11-13,313.5,320.00660979073,312.6620222847417,318.0841920960624,12918639
2024-11-14,312.1000061035156,318.79998779296875,310.6000061035156,315.1000061035156,12500377
2024-11-18,312.04998779296875,315.54998779296875,310.1000061035156,314.0,9408101
2024-11-19,315.04998779296875,318.25,312.25,313.04998779296875,13157158
2024-11-21,325.8999938964844,326.75,313.0,316.0,25406386
2024-11-22,336.95001220703125,337.6000061035156,324.0,325.79998779296875,31523269
2024-11-25,342.75,345.3999938964844,336.1499938964844,341.8500061035156,29419152
2024-11-26,338.79998779296875,344.6000061035156,337.8999938964844,342.0,13997179
2024-11-27,339.25,341.29998779296875,336.5,337.25,12177260
2024-11-28,333.6499938964844,341.75,332.20001220703125,339.25,16920231
2024-11-29,329.3999938964844,332.5,326.5,331.3500061035156,13890537
2024-12-02,327.8500061035156,331.95001220703125,326.20001220703125,328.1499938964844,16003524
2024-12-03,329.6499938964844,331.3500061035156,324.25,324.25,23174488
2024-12-04,325.04998779296875,331.25,321.1000061035156,329.04998779296875,17880011
2024-12-05,328.3500061035156,330.45001220703125,319.54998779296875,325.0,19785053
2024-12-06,328.8999938964844,332.75,326.70001220703125,327.1000061035156,8802058
2024-12-09,329.1000061035156,330.6499938964844,326.70001220703125,327.75,9376929
2024-12-10,327.8999938964844,331.8500061035156,325.3500061035156,331.8500061035156,14994365
2024-12-11,327.54998779296875,329.0,326.8500061035156,327.25,5013051
2024-12-12,329.20001220703125,329.8999938964844,325.8500061035156,328.0,10414162
2024-12-13,333.8500061035156,334.29998779296875,325.04998779296875,330.6499938964844,14973536
2024-12-16,335.0,336.25,331.6000061035156,333.8500061035156,12695136
2024-12-17,329.79998779296875,335.54998779296875,328.0,332.5,17360248
2024-12-18,321.54998779296875,329.1000061035156,320.6499938964844,328.0,15037099
2024-12-19,321.6499938964844,323.8500061035156,316.8500061035156,318.0,10234715
2024-12-20,315.79998779296875,325.6000061035156,313.6000061035156,321.29998779296875,13973399
2024-12-23,315.29998779296875,318.29998779296875,311.54998779296875,318.0,5984169
2024-12-24,310.1000061035156,316.6499938964844,308.75,314.1000061035156,4833589
2024-12-26,310.29998779296875,313.1000061035156,308.75,310.1000061035156,3775101
2024-12-27,309.3999938964844,312.29998779296875,308.79998779296875,310.75,3981693
2024-12-30,307.54998779296875,312.0,306.29998779296875,309.0,12489142
2024-12-31,308.70001220703125,309.75,305.1499938964844,307.3500061035156,8402716
2025-01-01,310.3999938964844,311.3500061035156,305.8999938964844,308.70001220703125,4239498
2025-01-02,315.1499938964844,317.20001220703125,308.75,309.8500061035156,10766571
2025-01-03,316.04998779296875,318.0,313.6499938964844,316.3500061035156,7636948
2025-01-06,306.0,316.5,304.79998779296875,315.79998779296875,6722495
2025-01-07,305.04998779296875,310.70001220703125,303.0,306.0,10137739
2025-01-08,306.6499938964844,307.8500061035156,303.0,306.1499938964844,6907996
2025-01-09,305.25,306.8999938964844,303.6499938964844,306.6499938964844,8244909
2025-01-10,299.70001220703125,305.25,298.5,304.04998779296875,6540783
2025-01-13,287.6000061035156,298.54998779296875,286.75,295.0,19474228
2025-01-14,290.25,293.04998779296875,286.79998779296875,287.75,15954608
2025-01-15,298.6499938964844,302.5,291.1000061035156,295.0,12198882
2025-01-16,297.6499938964844,301.6000061035156,296.6000061035156,299.0,11694289
2025-01-17,302.6000061035156,305.0,295.70001220703125,297.6499938964844,7593230
2025-01-20,306.25,308.79998779296875,301.95001220703125,302.6000061035156,9435937
2025-01-21,302.3500061035156,309.95001220703125,301.5,307.0,13911546
2025-01-22,297.54998779296875,302.29998779296875,295.79998779296875,302.0,9723333
2025-01-23,294.3500061035156,299.6000061035156,293.6000061035156,297.5,12228286
2025-01-24,295.8500061035156,302.5,294.3500061035156,295.29998779296875,11142914
